Compound,Negative,Neutral,Positive,Tweet_Ago,Tweet_DateTime,Tweet_Text,User
0.0,0.0,1.0,0.0,0,Sun Jun 10 00:37:18 +0000 2018,@GStarFreedom @CarlWil42543044 @Karenco30 @loriblue6 @Fenbeagle @SimonGosden @ElContador2000 @528Booth @blenkins1‚Ä¶ https://t.co/pNdDgkamMp,@BBC
0.0,0.0,1.0,0.0,1,Sun Jun 10 00:36:46 +0000 2018,RT @KISSfanaticz: @GGJuliePayette @RoyalFamily @liberal_party @JustinTrudeau @gmbutts @telfordk @katepurchase @RalphGoodale @POTUS @g7 @UN‚Ä¶,@BBC
-0.6597,0.316,0.684,0.0,2,Sun Jun 10 00:36:33 +0000 2018,"RT @Trickyjabs: Weird isn't it:

Poll Tax Protests, Student Protests &amp; Anti-Austerity Protests smash windows = Wall to wall @BBCNews covera‚Ä¶",@BBC
0.4939,0.0,0.814,0.186,3,Sun Jun 10 00:36:32 +0000 2018,"RT @Majid_Agha: H A R D  T A L K @BBC with @TheZeinabBadawi: Watch the statesman @BBhuttoZardari, confident and composed, &amp; self-claimed so‚Ä¶",@BBC
-0.3612,0.147,0.791,0.062,4,Sun Jun 10 00:36:27 +0000 2018,"RT @BBC: These turtles have to battle a wall of rubbish to reach the ocean. üíî #WorldTurtleDay

https://t.co/mbI36NK98e",@BBC
-0.4767,0.238,0.688,0.074,5,Sun Jun 10 00:36:25 +0000 2018,"@mackey69er @St_podge @BBCBreaking @BBCNews @BBC @realDonaldTrump Strange analogy. He admitted  breaking the law, what‚Äôs your problem?",@BBC
0.0,0.0,1.0,0.0,6,Sun Jun 10 00:35:03 +0000 2018,RT @Nang07773569: The #GenocideInSouthernCameroons been executed by the #PaulBiya gov't is most under reported bcos most of the villages ar‚Ä¶,@BBC
0.6996,0.0,0.757,0.243,7,Sun Jun 10 00:34:20 +0000 2018,He gets my vote! A @tedcruz / @GOP vote cost me my job. I'm hoping to return the favor. #Texas #vote‚Ä¶ https://t.co/ws8L82zEHW,@BBC
0.3527,0.0,0.851,0.149,8,Sun Jun 10 00:34:00 +0000 2018,"RT @carolecadwalla: Oh my god. What next? @AndrewMarr9, @afneil, @bbc &amp; @BBCPanorama follow up? https://t.co/apvar46d5j",@BBC
0.4767,0.0,0.866,0.134,9,Sun Jun 10 00:32:24 +0000 2018,RT @Sumir_1E: Proud to be demoing #Tachyon at @BBC with @JasonKeogh. We have developed a technology that is changing the way organizations‚Ä¶,@BBC
-0.7184,0.368,0.632,0.0,10,Sun Jun 10 00:31:58 +0000 2018,@Kliololo @BBCWorld Because @BBC is a propaganda machine for the insane anti Russian agenda by @10DowningStreet,@BBC
-0.1027,0.11,0.795,0.095,11,Sun Jun 10 00:31:55 +0000 2018,"RT @BBC: What is it like being Germaine Greer? This observational documentary spends time with her and finds out.

Germaine Bloody Greer |‚Ä¶",@BBC
-0.6597,0.316,0.684,0.0,12,Sun Jun 10 00:31:15 +0000 2018,"RT @Trickyjabs: Weird isn't it:

Poll Tax Protests, Student Protests &amp; Anti-Austerity Protests smash windows = Wall to wall @BBCNews covera‚Ä¶",@BBC
-0.6597,0.316,0.684,0.0,13,Sun Jun 10 00:26:44 +0000 2018,"RT @Trickyjabs: Weird isn't it:

Poll Tax Protests, Student Protests &amp; Anti-Austerity Protests smash windows = Wall to wall @BBCNews covera‚Ä¶",@BBC
0.4939,0.0,0.814,0.186,14,Sun Jun 10 00:26:34 +0000 2018,"RT @Majid_Agha: H A R D  T A L K @BBC with @TheZeinabBadawi: Watch the statesman @BBhuttoZardari, confident and composed, &amp; self-claimed so‚Ä¶",@BBC
0.4939,0.0,0.814,0.186,15,Sun Jun 10 00:24:48 +0000 2018,"RT @Majid_Agha: H A R D  T A L K @BBC with @TheZeinabBadawi: Watch the statesman @BBhuttoZardari, confident and composed, &amp; self-claimed so‚Ä¶",@BBC
0.0,0.0,1.0,0.0,16,Sun Jun 10 00:24:46 +0000 2018,@DrBasharAlAssad @acmonks @afneil @BBC You‚Äôre both proving my point.,@BBC
0.0,0.0,1.0,0.0,17,Sun Jun 10 00:22:06 +0000 2018,"#‡§ï‡§¨‡•Ä‡§∞‡§™‡•ç‡§∞‡§≠‡•Å‡§ï‡•Ä‡§≤‡•Ä‡§≤‡§æ‡§è‡§Å 
‡§ú‡§æ‡§®‡•á‡§Ç ‡§™‡•Ç‡§∞‡•ç‡§£ ‡§™‡§∞‡§Æ‡§æ‡§§‡•ç‡§Æ‡§æ ‡§ï‡•Ä ‡§Ö‡§®‡•á‡§ï ‡§≤‡•Ä‡§≤‡§æ‡§ì‡§Ç ‡§ï‡§æ ‡§µ‡§∞‡•ç‡§£‡§® ‡§µ‡§ø‡§≠‡§ø‡§®‡•ç‡§® ‡§ö‡•à‡§®‡§≤‡•ã‡§Ç ‡§™‡§∞ ‡§î‡§∞ ‡§ú‡§æ‡§®‡•á‡§Ç ‡§∞‡§π‡§∏‡•ç‡§Ø‡§Æ‡§Ø‡•Ä ‡§ó‡•Å‡§§‡•ç‡§•‡§ø‡§Ø‡•ã‡§Ç ‡§ï‡•ã‚Ä¶ https://t.co/SjOK5CAj3a",@BBC
0.4939,0.0,0.814,0.186,18,Sun Jun 10 00:20:18 +0000 2018,"RT @Majid_Agha: H A R D  T A L K @BBC with @TheZeinabBadawi: Watch the statesman @BBhuttoZardari, confident and composed, &amp; self-claimed so‚Ä¶",@BBC
0.4939,0.0,0.814,0.186,19,Sun Jun 10 00:20:18 +0000 2018,"RT @Majid_Agha: H A R D  T A L K @BBC with @TheZeinabBadawi: Watch the statesman @BBhuttoZardari, confident and composed, &amp; self-claimed so‚Ä¶",@BBC
0.5719,0.0,0.773,0.227,20,Sun Jun 10 00:18:49 +0000 2018,RT @BazBam: Lord of Adventure: #JamesMcAvoy confirmed to play #LordAsriel in 8-part ‚Å¶@BBC‚Å© drama of ‚Å¶@PhilipPullman‚Å© #HisDarkMaterial adapt‚Ä¶,@BBC
0.0,0.0,1.0,0.0,21,Sun Jun 10 00:18:04 +0000 2018,@GStarFreedom @mike8881 @Karenco30 @Fenbeagle @SimonGosden @ElContador2000 @528Booth @blenkins1 @am_draper‚Ä¶ https://t.co/YNF8lyRhwm,@BBC
-0.3612,0.147,0.791,0.062,22,Sun Jun 10 00:17:06 +0000 2018,"RT @BBC: These turtles have to battle a wall of rubbish to reach the ocean. üíî #WorldTurtleDay

https://t.co/mbI36NK98e",@BBC
0.0,0.0,1.0,0.0,23,Sun Jun 10 00:16:11 +0000 2018,@GStarFreedom @mike8881 @Karenco30 @Fenbeagle @SimonGosden @ElContador2000 @528Booth @blenkins1 @am_draper‚Ä¶ https://t.co/DLb2EYNzjy,@BBC
-0.3612,0.147,0.791,0.062,24,Sun Jun 10 00:15:56 +0000 2018,"RT @BBC: These turtles have to battle a wall of rubbish to reach the ocean. üíî #WorldTurtleDay

https://t.co/mbI36NK98e",@BBC
0.3527,0.0,0.851,0.149,25,Sun Jun 10 00:14:43 +0000 2018,"RT @carolecadwalla: Oh my god. What next? @AndrewMarr9, @afneil, @bbc &amp; @BBCPanorama follow up? https://t.co/apvar46d5j",@BBC
0.0,0.0,1.0,0.0,26,Sun Jun 10 00:14:37 +0000 2018,"RT @SimaDini: Iranian women defying the tyrannical Islamist regime!
#ÿ®ÿ±ÿßŸÜÿØÿßÿ≤ŸÖ
#RegimeChangeIran
The so called Feminists cozzying up with th‚Ä¶",@BBC
-0.5859,0.25,0.67,0.08,27,Sun Jun 10 00:14:29 +0000 2018,@BBC failing to observe it‚Äôs in response to Prime Minister Zoolander @JustinTrudeau passive aggressively shot it do‚Ä¶ https://t.co/ujNYi3AeGI,@BBC
-0.4019,0.114,0.886,0.0,28,Sun Jun 10 00:14:03 +0000 2018,"RT @Naijadailyfeed: This brother was just robbed by SARS, he had to lose N10,000 before being released
#EndSARS @AJStream @CNN @BBC @Amnest‚Ä¶",@BBC
0.4939,0.0,0.814,0.186,29,Sun Jun 10 00:13:55 +0000 2018,"RT @Majid_Agha: H A R D  T A L K @BBC with @TheZeinabBadawi: Watch the statesman @BBhuttoZardari, confident and composed, &amp; self-claimed so‚Ä¶",@BBC
0.0,0.0,1.0,0.0,30,Sun Jun 10 00:12:07 +0000 2018,RT @AngeicaNewsom: @hickoryhill8520 @davidhulstedt @jlshine5 @wathitup @Miss_spacess @Johnkamau7 @RogerTharpe @rowey64 @ledrew @GodsWordIsF‚Ä¶,@BBC
-0.6597,0.316,0.684,0.0,31,Sun Jun 10 00:11:38 +0000 2018,"RT @Trickyjabs: Weird isn't it:

Poll Tax Protests, Student Protests &amp; Anti-Austerity Protests smash windows = Wall to wall @BBCNews covera‚Ä¶",@BBC
0.4939,0.0,0.814,0.186,32,Sun Jun 10 00:10:15 +0000 2018,"RT @Majid_Agha: H A R D  T A L K @BBC with @TheZeinabBadawi: Watch the statesman @BBhuttoZardari, confident and composed, &amp; self-claimed so‚Ä¶",@BBC
0.0,0.0,1.0,0.0,33,Sun Jun 10 00:09:46 +0000 2018,"RT @BBC: It's time to think about our plastic behaviour.
#WorldEnvironmentDay https://t.co/kSzSawpYLv",@BBC
0.3527,0.0,0.851,0.149,34,Sun Jun 10 00:09:12 +0000 2018,"RT @carolecadwalla: Oh my god. What next? @AndrewMarr9, @afneil, @bbc &amp; @BBCPanorama follow up? https://t.co/apvar46d5j",@BBC
-0.8689,0.403,0.597,0.0,35,Sun Jun 10 00:09:02 +0000 2018,@BBCWorld UK imprisoned #TommyRobinson for fighting against sex grooming gangs in the UK. @BBC - no news -- fake ne‚Ä¶ https://t.co/dLTAPQpJPY,@BBC
0.6808,0.0,0.682,0.318,36,Sun Jun 10 00:08:43 +0000 2018,@varuprole @Trickyjabs @BBCNews @BBC The main speech giver praised the police on his feed.,@BBC
-0.4019,0.114,0.886,0.0,37,Sun Jun 10 00:08:18 +0000 2018,"RT @Naijadailyfeed: This brother was just robbed by SARS, he had to lose N10,000 before being released
#EndSARS @AJStream @CNN @BBC @Amnest‚Ä¶",@BBC
-0.4588,0.143,0.857,0.0,38,Sun Jun 10 00:07:04 +0000 2018,@jimbo54320 @MishytheLezzy @BBC @BBCTwo The kids also. She was banned from speaking at Bristol University in Jan 20‚Ä¶ https://t.co/Uj05iH5QPD,@BBC
0.2732,0.0,0.896,0.104,39,Sun Jun 10 00:05:35 +0000 2018,@Trickyjabs @nooouch @BBCNews @BBC I usually agreed with you. However in this case I thinks the BCC have gone down‚Ä¶ https://t.co/00mwCHsPJ3,@BBC
0.0,0.0,1.0,0.0,40,Sun Jun 10 00:05:30 +0000 2018,@GStarFreedom @Karenco30 @loriblue6 @Fenbeagle @SimonGosden @mike8881 @ElContador2000 @528Booth @blenkins1‚Ä¶ https://t.co/GTA9r34vY0,@BBC
0.0,0.0,1.0,0.0,41,Sun Jun 10 00:04:23 +0000 2018,@GStarFreedom @Karenco30 @Fenbeagle @SimonGosden @ElContador2000 @528Booth @blenkins1 @am_draper @loriblue6 @DD1958‚Ä¶ https://t.co/cWzL8OT2vh,@BBC
-0.296,0.219,0.658,0.123,42,Sun Jun 10 00:04:18 +0000 2018,"@MockTheWeek @ad_hole @BBC @BBCTwo You have a journalist in prison for reporting on Muslim rape gangs, but yeah, Trump.",@BBC
0.3527,0.0,0.851,0.149,43,Sun Jun 10 00:03:50 +0000 2018,"RT @carolecadwalla: Oh my god. What next? @AndrewMarr9, @afneil, @bbc &amp; @BBCPanorama follow up? https://t.co/apvar46d5j",@BBC
0.4927,0.0,0.856,0.144,44,Sun Jun 10 00:03:40 +0000 2018,"RT @rick135b7: Border Crossing from Bangladesh to Myanmar - So Easy
@UN @CNN @BBC @MTT_News @ChannelNewsAsia @Reuters @AFP @AP @cnni @BBCNe‚Ä¶",@BBC
0.4939,0.0,0.814,0.186,45,Sun Jun 10 00:03:37 +0000 2018,"RT @Majid_Agha: H A R D  T A L K @BBC with @TheZeinabBadawi: Watch the statesman @BBhuttoZardari, confident and composed, &amp; self-claimed so‚Ä¶",@BBC
-0.5766,0.14,0.86,0.0,46,Sun Jun 10 00:03:35 +0000 2018,RT @rick135b7: A HINDU MAN IN MAUNGDAW TELLS OF HIS FAMILY THREATENED WITH BEHEADING IF THEY DID NOT CONVERT TO ISLAM BY BENGALI MUSLIMS (s‚Ä¶,@BBC
-0.6597,0.316,0.684,0.0,47,Sun Jun 10 00:03:09 +0000 2018,"RT @Trickyjabs: Weird isn't it:

Poll Tax Protests, Student Protests &amp; Anti-Austerity Protests smash windows = Wall to wall @BBCNews covera‚Ä¶",@BBC
-0.25,0.111,0.889,0.0,48,Sun Jun 10 00:02:40 +0000 2018,"RT @rick135b7: ARSA propaganda with music
@UN @CNN @BBC @MTT_News @ChannelNewsAsia @Reuters @AFP @AP @cnni @BBCNewsAsia 
https://t.co/mR9dL‚Ä¶",@BBC
-0.8172,0.321,0.679,0.0,49,Sun Jun 10 00:02:26 +0000 2018,"RT @rick135b7: Propaganda, Fake News, Fake History - almost everything they put out is this way!
@UN @CNN @BBC @MTT_News @ChannelNewsAsia @‚Ä¶",@BBC
0.7717,0.0,0.544,0.456,50,Sun Jun 10 00:02:07 +0000 2018,RT @BBC: ‚ù§Ô∏èÔ∏è This is what love looks like. https://t.co/Qle1eoBU5x,@BBC
0.4939,0.0,0.814,0.186,51,Sun Jun 10 00:01:26 +0000 2018,"RT @Majid_Agha: H A R D  T A L K @BBC with @TheZeinabBadawi: Watch the statesman @BBhuttoZardari, confident and composed, &amp; self-claimed so‚Ä¶",@BBC
0.0,0.0,1.0,0.0,52,Sun Jun 10 00:00:59 +0000 2018,"@BBC 
Britishers and British government were inhuman and ruthless for Indian citizens at the period of dependent.

#ShameOnBritishers.",@BBC
0.0,0.0,1.0,0.0,53,Sun Jun 10 00:00:47 +0000 2018,"RT @BBC: Would you describe yourself as a feminist?
#HearHer https://t.co/RZh8XfEria",@BBC
-0.4184,0.141,0.859,0.0,54,Sun Jun 10 00:00:38 +0000 2018,"Stop the execution of Ramin Hossein Panahi! 

Arr√™ter de l'ex√©cution de Ramin Hossein Panahi! 

@UN 
@hrw_fr 
@hrw‚Ä¶ https://t.co/UWjGQcWVlg",@BBC
-0.25,0.08,0.92,0.0,55,Sun Jun 10 00:00:28 +0000 2018,"RT @jizlee: ""It would be rather hypocritical to suggest people who watch porn are upstanding members of society, but people who star in it‚Ä¶",@BBC
0.3527,0.0,0.851,0.149,56,Sat Jun 09 23:59:58 +0000 2018,"RT @carolecadwalla: Oh my god. What next? @AndrewMarr9, @afneil, @bbc &amp; @BBCPanorama follow up? https://t.co/apvar46d5j",@BBC
0.0,0.0,1.0,0.0,57,Sat Jun 09 23:59:02 +0000 2018,@GStarFreedom @Karenco30 @Fenbeagle @SimonGosden @ElContador2000 @528Booth @blenkins1 @am_draper @loriblue6 @DD1958‚Ä¶ https://t.co/n4x9Ynl7cQ,@BBC
0.0,0.0,1.0,0.0,58,Sat Jun 09 23:57:43 +0000 2018,@Trickyjabs @WeAreOneEU @BBCNews @BBC absolute opposite.,@BBC
-0.9688,0.465,0.535,0.0,59,Sat Jun 09 23:57:39 +0000 2018,"RT @Adepojudieko: It might not be you today, but one day, the madness will circulate. This is evil. Evil going on in Nigeria. They arrest a‚Ä¶",@BBC
0.0,0.0,1.0,0.0,60,Sat Jun 09 23:57:01 +0000 2018,Wonder when @bbc will cover this? https://t.co/UnCEbw3o4Q,@BBC
0.4939,0.0,0.814,0.186,61,Sat Jun 09 23:56:50 +0000 2018,"RT @Majid_Agha: H A R D  T A L K @BBC with @TheZeinabBadawi: Watch the statesman @BBhuttoZardari, confident and composed, &amp; self-claimed so‚Ä¶",@BBC
-0.5399,0.29,0.71,0.0,62,Sat Jun 09 23:54:56 +0000 2018,"Seriously people, just stop already! This is 2018! @CNN @FoxNews @BBC https://t.co/IvwWbRgyei #FoxNews",@BBC
0.7717,0.0,0.544,0.456,63,Sat Jun 09 23:54:56 +0000 2018,RT @BBC: ‚ù§Ô∏èÔ∏è This is what love looks like. https://t.co/Qle1eoBU5x,@BBC
0.3527,0.0,0.851,0.149,64,Sat Jun 09 23:54:22 +0000 2018,"RT @carolecadwalla: Oh my god. What next? @AndrewMarr9, @afneil, @bbc &amp; @BBCPanorama follow up? https://t.co/apvar46d5j",@BBC
0.0,0.0,1.0,0.0,65,Sat Jun 09 23:52:56 +0000 2018,"@ravenwolf68 @BBC @BBCFOUR Now that I'm back in the US watching stuff in Arizona, I insist on watching it in Stupid‚Ä¶ https://t.co/7Yu3oGgfJ2",@BBC
0.0,0.0,1.0,0.0,66,Sat Jun 09 23:52:55 +0000 2018,@GStarFreedom @Karenco30 @Fenbeagle @SimonGosden @ElContador2000 @528Booth @blenkins1 @am_draper @loriblue6 @DD1958‚Ä¶ https://t.co/sSgQTIzkza,@BBC
0.3182,0.0,0.887,0.113,67,Sat Jun 09 23:52:38 +0000 2018,RT @mobi5417: @PervaizKomal @Owaissattar9 @BBC @CNN @VOANews Please keep minor political affiliations aside when putting PTM on surgical ta‚Ä¶,@BBC
0.0,0.0,1.0,0.0,68,Sat Jun 09 23:52:27 +0000 2018,RT @mobi5417: @PervaizKomal @Owaissattar9 @BBC @CNN @VOANews Same Rao Anwar who busted MQM-RAW nexus single handedly&amp;came live on TV agains‚Ä¶,@BBC
0.3527,0.0,0.851,0.149,69,Sat Jun 09 23:51:21 +0000 2018,"RT @carolecadwalla: Oh my god. What next? @AndrewMarr9, @afneil, @bbc &amp; @BBCPanorama follow up? https://t.co/apvar46d5j",@BBC
0.0,0.0,1.0,0.0,70,Sat Jun 09 23:50:57 +0000 2018,@GStarFreedom @Karenco30 @Fenbeagle @SimonGosden @mike8881 @ElContador2000 @528Booth @blenkins1 @am_draper‚Ä¶ https://t.co/KmOp2VeLZH,@BBC
-0.2263,0.126,0.781,0.093,71,Sat Jun 09 23:50:49 +0000 2018,"RT @Naijadailyfeed: This young man in the picture below was bundled like a criminal into SARS van, slapped severally for asking why he was‚Ä¶",@BBC
0.296,0.0,0.901,0.099,72,Sat Jun 09 23:50:39 +0000 2018,RT @mobi5417: @PervaizKomal @Owaissattar9 @BBC @CNN @VOANews Ok. So how will you justify your belief based their reporting that Naqeeb was‚Ä¶,@BBC
-0.2263,0.126,0.781,0.093,73,Sat Jun 09 23:50:08 +0000 2018,"RT @Naijadailyfeed: This young man in the picture below was bundled like a criminal into SARS van, slapped severally for asking why he was‚Ä¶",@BBC
0.7579,0.0,0.667,0.333,74,Sat Jun 09 23:49:59 +0000 2018,"@ravenwolf68 @BBC @BBCFOUR This.
Original language is ALWAYS best. Voiceover performances are universally terrible.‚Ä¶ https://t.co/yhcvVSkfrv",@BBC
0.3818,0.0,0.867,0.133,75,Sat Jun 09 23:49:38 +0000 2018,"RT @AEgbewatt1: I have a #hunch that #UN #Commonwealth and #OtherPowersThatBe are willing to accept any #Elections in #CamerounLRDC, howeve‚Ä¶",@BBC
0.0,0.0,1.0,0.0,76,Sat Jun 09 23:47:10 +0000 2018,RT @KISSfanaticz: @GGJuliePayette @RoyalFamily @liberal_party @JustinTrudeau @gmbutts @telfordk @RalphGoodale @cafreeland @POTUS @g7 @UN @g‚Ä¶,@BBC
0.0,0.0,1.0,0.0,77,Sat Jun 09 23:47:10 +0000 2018,@GStarFreedom @Karenco30 @Fenbeagle @SimonGosden @ElContador2000 @528Booth @blenkins1 @am_draper @loriblue6 @DD1958‚Ä¶ https://t.co/BbTeK8UDHP,@BBC
0.3527,0.0,0.851,0.149,78,Sat Jun 09 23:46:45 +0000 2018,"RT @carolecadwalla: Oh my god. What next? @AndrewMarr9, @afneil, @bbc &amp; @BBCPanorama follow up? https://t.co/apvar46d5j",@BBC
-0.6597,0.316,0.684,0.0,79,Sat Jun 09 23:45:49 +0000 2018,"RT @Trickyjabs: Weird isn't it:

Poll Tax Protests, Student Protests &amp; Anti-Austerity Protests smash windows = Wall to wall @BBCNews covera‚Ä¶",@BBC
0.3527,0.0,0.851,0.149,80,Sat Jun 09 23:44:22 +0000 2018,"RT @carolecadwalla: Oh my god. What next? @AndrewMarr9, @afneil, @bbc &amp; @BBCPanorama follow up? https://t.co/apvar46d5j",@BBC
0.0,0.0,1.0,0.0,81,Sat Jun 09 23:43:39 +0000 2018,@JLewisphotoblog I know!  You'd think that the people at @BBCNews would already know this!!  #Worrying If you ever‚Ä¶ https://t.co/yr3xBPZels,@BBC
-0.9587,0.433,0.567,0.0,82,Sat Jun 09 23:43:26 +0000 2018,"It might not be you today, but one day, the madness will circulate. This is evil. Evil going on in Nigeria. They ar‚Ä¶ https://t.co/iMqVE2wxTV",@BBC
0.0,0.0,1.0,0.0,83,Sat Jun 09 23:42:13 +0000 2018,RT @fxeEYr58wEl8216: ÈÉùÂ§ß‰ΩúÂÆ∂Ë¥®ÁñëÈÇìÁÖåÈ´òË∞ÉÂ∫ÜÁîü‰∫ã‰ª∂Â∑≤ÂâëÊåáÂ•πË∫´ÂêéÁöÑ‰∫∫Áâ©Ôºå‚ÄúÂ•πÂà∞Â∫ïÊòØË∞ÅÁöÑÊÉÖÂ¶á‚ÄùÊòØ‰∏™Â∞ñÈîêÁöÑÈóÆÈ¢ò„ÄÇÊàëÂßãÁªàÂùöÂÆö‰∏çÁßªÂú∞Ë¥®ÁñëÈÇìÁÖå‚ÄúÁîüÊó•Èó®‚ÄùÊ∂âÂ´åËÖêË¥•ÈóÆÈ¢òÔºåÂ∞±Âõ†Â•πÊòØÂõΩÂÆ∂ÂÖ¨ËÅå‰∫∫ÂëòÔºåÊòØÂõΩÂÆ∂ÁõëÂØüÊ≥ïÁõëÁù£ÁöÑÂØπË±°„ÄÇÂàöÈ¢ÅÂ∏ÉÁöÑÂõΩÂÆ∂ÁõëÂØüÊ≥ïÊòØÂÖ®Ë¶ÜÁõñ„ÄÅÊó†Áõ≤Âå∫ÔºåÂ∞±ÂÉèÂàùÁîüÁöÑÂ©¥ÂÑøÈúÄË¶ÅÁôæËà¨‚Ä¶,@BBC
0.0,0.0,1.0,0.0,84,Sat Jun 09 23:42:08 +0000 2018,RT @Karenco30: @GStarFreedom @Fenbeagle @SimonGosden @mike8881 @ElContador2000 @528Booth @blenkins1 @am_draper @loriblue6 @DD1958 @itsafrog‚Ä¶,@BBC
0.0,0.0,1.0,0.0,85,Sat Jun 09 23:42:03 +0000 2018,@Karenco30 @GStarFreedom @Fenbeagle @SimonGosden @ElContador2000 @528Booth @blenkins1 @am_draper @loriblue6 @DD1958‚Ä¶ https://t.co/zakQiGo6fb,@BBC
0.4939,0.0,0.814,0.186,86,Sat Jun 09 23:41:31 +0000 2018,"RT @Majid_Agha: H A R D  T A L K @BBC with @TheZeinabBadawi: Watch the statesman @BBhuttoZardari, confident and composed, &amp; self-claimed so‚Ä¶",@BBC
-0.7964,0.323,0.677,0.0,87,Sat Jun 09 23:41:26 +0000 2018,"RT @mobi5417: @PervaizKomal @Owaissattar9 They, @BBC, @CNN &amp; @VOANews are harbingers of deceit, fake news &amp; propaganda. I would recheck my‚Ä¶",@BBC
0.0,0.0,1.0,0.0,88,Sat Jun 09 23:40:56 +0000 2018,"RT @BBC: The cast of @QueerEye brought a bag of goodies along to @BBCR1's #BiggestWeekend üòçüéÅ

Here's what @tanfrance, @bobbyberk, @antoni a‚Ä¶",@BBC
0.3527,0.0,0.851,0.149,89,Sat Jun 09 23:40:08 +0000 2018,"RT @carolecadwalla: Oh my god. What next? @AndrewMarr9, @afneil, @bbc &amp; @BBCPanorama follow up? https://t.co/apvar46d5j",@BBC
0.3527,0.0,0.851,0.149,90,Sat Jun 09 23:39:27 +0000 2018,"RT @carolecadwalla: Oh my god. What next? @AndrewMarr9, @afneil, @bbc &amp; @BBCPanorama follow up? https://t.co/apvar46d5j",@BBC
0.0,0.0,1.0,0.0,91,Sat Jun 09 23:39:07 +0000 2018,@GStarFreedom @Karenco30 @Fenbeagle @SimonGosden @ElContador2000 @528Booth @blenkins1 @am_draper @loriblue6 @DD1958‚Ä¶ https://t.co/nEMA0ZDZo4,@BBC
0.0,0.0,1.0,0.0,92,Sat Jun 09 23:38:34 +0000 2018,@telitasitis @mackey69er @BBCBreaking @BBCNews @BBC @realDonaldTrump If the gang can show that 1 of the jurors saw‚Ä¶ https://t.co/QsXy2bUISU,@BBC
-0.3182,0.15,0.85,0.0,93,Sat Jun 09 23:37:41 +0000 2018,"@Ruairc @behmmarc1 @carolecadwalla @scorpiess93 @AndrewMarr9 @afneil @BBC @BBCPanorama Not just ignored, he helped‚Ä¶ https://t.co/sr9cqTuLxR",@BBC
0.3527,0.0,0.851,0.149,94,Sat Jun 09 23:34:52 +0000 2018,"RT @carolecadwalla: Oh my god. What next? @AndrewMarr9, @afneil, @bbc &amp; @BBCPanorama follow up? https://t.co/apvar46d5j",@BBC
0.0,0.0,1.0,0.0,95,Sat Jun 09 23:34:34 +0000 2018,RT @5hady_uk: @carolecadwalla @AndrewMarr9 @afneil @BBC @BBCPanorama Will @IsabelOakeshott make an appearance on tomorrows @AndrewMarr9 sho‚Ä¶,@BBC
-0.25,0.08,0.92,0.0,96,Sat Jun 09 23:34:25 +0000 2018,"RT @jizlee: ""It would be rather hypocritical to suggest people who watch porn are upstanding members of society, but people who star in it‚Ä¶",@BBC
0.0,0.0,1.0,0.0,97,Sat Jun 09 23:34:18 +0000 2018,@young_son @carolecadwalla @AndrewMarr9 @afneil @BBC @BBCPanorama üéØ,@BBC
0.0,0.0,1.0,0.0,98,Sat Jun 09 23:33:54 +0000 2018,@cpt_horatio @carolecadwalla @AndrewMarr9 @afneil @BBC @BBCPanorama you bet üôÑ,@BBC
0.0,0.0,1.0,0.0,99,Sat Jun 09 23:33:38 +0000 2018,@cpt_horatio @carolecadwalla @AndrewMarr9 @afneil @BBC @BBCPanorama that's what you think!,@BBC
0.5838,0.0,0.826,0.174,0,Sun Jun 10 00:38:13 +0000 2018,"RT @ilovemalec24: @softddario @HazzaxxLoueh @emilylongeretta @FreeformTV If they really care they‚Äôll let someone else pick up the show! 

#‚Ä¶",@CBS
0.0,0.0,1.0,0.0,1,Sun Jun 10 00:37:09 +0000 2018,@netflix @hulu @HBO @FOXTV @ABCNetwork @CBS #savelucifer #twitter #pickuplucifer #lucifans #lucifermorningstar‚Ä¶ https://t.co/VB430Z5TDr,@CBS
0.0,0.0,1.0,0.0,2,Sun Jun 10 00:36:05 +0000 2018,RT @CBS: Here's everything you need to know before watching the #TonyAwards this Sunday at 8/7c: https://t.co/jcRgNGmLUZ https://t.co/8suUh‚Ä¶,@CBS
0.3968,0.134,0.683,0.184,3,Sun Jun 10 00:35:14 +0000 2018,"RT @BA_4Trump: @POTUS I am proud that you did not fit in and rub elbows with the Global Elite snobs at #G7 ! Thank You! 
@CNN @MSNBC @ABC @‚Ä¶",@CBS
0.0,0.0,1.0,0.0,4,Sun Jun 10 00:34:56 +0000 2018,"RT @messup7592: @just_a_meow_mom We will #SaveScorpion ! We will, we will rock you @CBS !",@CBS
0.0,0.0,1.0,0.0,5,Sun Jun 10 00:34:49 +0000 2018,@ChristieLafran1 @CamilleGtine @PalmerReport @realDonaldTrump @CNN @MSNBC @NBCPolitics @CBS @ABC üòÇüòÇüòÇüòÇüòÇüòÇü§£ü§£ü§£ü§£ü§£ü§£ü§£ü§£ü§£üòÇüòÇüòÇ‚Ä¶ https://t.co/UAiCsDa55S,@CBS
0.0,0.0,1.0,0.0,6,Sun Jun 10 00:34:35 +0000 2018,RT @pasbonca: @messup7592 @just_a_meow_mom @CBS üòÇüòÇüòÇ tr√®s bon #savescorpion,@CBS
0.1531,0.0,0.914,0.086,7,Sun Jun 10 00:34:29 +0000 2018,"RT @messup7592: @killianfleury45 @just_a_meow_mom @CBS En effet, l‚Äôarret de @ScorpionCBS est contestable, car cette s√©rie faisait des audie‚Ä¶",@CBS
0.296,0.0,0.761,0.239,8,Sun Jun 10 00:33:56 +0000 2018,RT @messup7592: @LiorNow Yeah #SaveScorpion #ScorpionSeason5 @CBS https://t.co/0HsgNQz2u0,@CBS
0.0,0.0,1.0,0.0,9,Sun Jun 10 00:33:52 +0000 2018,RT @pasbonca: @messup7592 @LiorNow @CBS A demain la #teamscorpion üòâüò¥ et surtout #savescorpion üòÇ,@CBS
0.4215,0.0,0.843,0.157,10,Sun Jun 10 00:33:51 +0000 2018,RT @JKCorden: Tonight‚Äôs @latelateshow might be one of my favorites of all time x @CBS 12.30 x #LateLateShawn,@CBS
0.2003,0.094,0.781,0.125,11,Sun Jun 10 00:33:49 +0000 2018,RT @messup7592: @pattysartwork Good advice to @CBS when they will be stressed out when they‚Äôre going to see #SaveScorpion trending widely !‚Ä¶,@CBS
0.0,0.0,1.0,0.0,12,Sun Jun 10 00:33:45 +0000 2018,RT @messup7592: @pasbonca @LiorNow @CBS Bonne soir√©e ! #SaveScorpion https://t.co/bW7Ng04RhG,@CBS
0.0,0.0,1.0,0.0,13,Sun Jun 10 00:33:42 +0000 2018,RT @messup7592: @thinkispossibl1 @CBS @ScorpionCBS Season 5 for @ScorpionCBS ! #SaveScorpion,@CBS
0.4019,0.0,0.903,0.097,14,Sun Jun 10 00:33:21 +0000 2018,RT @CaptainBadger79: So first day of my holiday and I switch on the TV to see Scorpion. We'll @CBS I think this might be a sign to renew fo‚Ä¶,@CBS
0.9635,0.036,0.465,0.499,15,Sun Jun 10 00:33:08 +0000 2018,RT @messup7592: Socially awkward but very smart bunch of friends sticking together to save the country/World ...  Best synopsis ever for a‚Ä¶,@CBS
0.3595,0.094,0.755,0.151,16,Sun Jun 10 00:32:39 +0000 2018,"RT @MArmenoff: @CBS we have the perfect person to correct the relationship mess called Scorpion!  With Dr. Rizzuto
(Penn Jillette), team Sc‚Ä¶",@CBS
0.0,0.0,1.0,0.0,17,Sun Jun 10 00:32:20 +0000 2018,RT @DouglasHespelt: @pattysartwork @tvfan00 @chpspics @YgrekCe @just_a_meow_mom @CBS @ScorpionCBS You are so very right!! Scorpion is total‚Ä¶,@CBS
0.0,0.0,1.0,0.0,18,Sun Jun 10 00:32:00 +0000 2018,@playhousesquare @tonyawards @CBS i have an idea about this too if it's not to late to set it up.,@CBS
0.743,0.062,0.712,0.226,19,Sun Jun 10 00:31:29 +0000 2018,RT @HeleenScorpion: I just can't get over the fact that you cancelled one of your best shows and a few weeks later you are proud that it go‚Ä¶,@CBS
0.0,0.0,1.0,0.0,20,Sun Jun 10 00:30:41 +0000 2018,RT @voom2002: @HeleenScorpion @tvfan00 @CBS @CBSTVStudios I agee with you. #SaveScorpion #TeamScorpion #bringbackscorpion,@CBS
0.5423,0.0,0.741,0.259,21,Sun Jun 10 00:30:36 +0000 2018,@CBSThisMorning @CBSNews @TheTonyAwards @CBS Sewage praising other sewage for being sewage.,@CBS
0.541,0.0,0.851,0.149,22,Sun Jun 10 00:28:32 +0000 2018,RT @pattysartwork: @chpspics @YgrekCe @just_a_meow_mom @CBS I think that this is the reason why @ScorpionCBS is so special. It unites so ma‚Ä¶,@CBS
0.0,0.0,1.0,0.0,23,Sun Jun 10 00:27:18 +0000 2018,RT @CBSThisMorning: .@TheTonyAwards are on @CBS tomorrow night! Here‚Äôs a look at some of the preparations ahead of Broadway‚Äôs biggest night‚Ä¶,@CBS
0.7096,0.0,0.731,0.269,24,Sun Jun 10 00:26:51 +0000 2018,"RT @paolasantoro4: Nominees for the 13th International TV Audience Awards with @ScorpionCBS
I hope @CBSTVStudios @CBS understand the great‚Ä¶",@CBS
-0.4588,0.167,0.833,0.0,25,Sun Jun 10 00:24:06 +0000 2018,RT @CaptainBadger79: I'm normally a quiet and shy person but since @CBS cancelled @ScorpionCBS I just had to speak out.  This show has such‚Ä¶,@CBS
-0.5267,0.139,0.861,0.0,26,Sun Jun 10 00:22:56 +0000 2018,Around 4am last night some criminal try to open my car. He did not see my camera in pawtucket ri.@wpri12 @ABC6‚Ä¶ https://t.co/8jKLJV7uDC,@CBS
-0.1531,0.096,0.904,0.0,27,Sun Jun 10 00:19:28 +0000 2018,"RT @DearEvanHansen: This Sunday, don‚Äôt miss #DearEvanHansen on @TheTonyAwards, at 8/7c on @CBS. #ThisIsBroadway #TonyAwards https://t.co/Fx‚Ä¶",@CBS
0.63,0.0,0.795,0.205,28,Sun Jun 10 00:18:15 +0000 2018,@CodeBlackCBS please bring the show back! @CBS I‚Äôm watching it now and there is never a dull moment!  It‚Äôs one of m‚Ä¶ https://t.co/IPNdnD3wJG,@CBS
0.0,0.0,1.0,0.0,29,Sun Jun 10 00:16:51 +0000 2018,"Less than 23 hours and 45 minutes to go until @TheTonyAwards or as Joe Gideon puts it. 

Hosted by @SaraBareilles a‚Ä¶ https://t.co/a1zhL3DScL",@CBS
0.0,0.0,1.0,0.0,30,Sun Jun 10 00:16:38 +0000 2018,@ABCNetwork @TheCW @GlobalTV @nbc @CBS @GBerlanti @bensherwood @bridgeNYCPR @warnerbrostv @DeceptionABC @Bravotv Pl‚Ä¶ https://t.co/fFlSbwK7W9,@CBS
-0.6369,0.189,0.756,0.055,31,Sun Jun 10 00:15:36 +0000 2018,"@CNN, @ABC, @NBCNews, @CBS  and all other news outlets: When reporting about suicide, put that number for the natio‚Ä¶ https://t.co/B7wnfZWJTD",@CBS
0.0,0.0,1.0,0.0,32,Sun Jun 10 00:14:41 +0000 2018,@HeleenScorpion @tvfan00 @CBS @CBSTVStudios I agee with you. #SaveScorpion #TeamScorpion #bringbackscorpion,@CBS
0.4003,0.0,0.788,0.212,33,Sun Jun 10 00:12:26 +0000 2018,RT @CymaticCircus: @truth2u4me @CBS @CBSNews @realDonaldTrump This can‚Äôt be shared enough!,@CBS
0.0,0.0,1.0,0.0,34,Sun Jun 10 00:11:21 +0000 2018,RT @victoriarowell: @BabyGirlBlkft @Kimberlykokourt @SONY @CBS @lesliemoonves @bradleybell_ has ZERO black ExecProducers in 45yrs on Y&amp;R! O‚Ä¶,@CBS
0.0,0.0,1.0,0.0,35,Sun Jun 10 00:10:49 +0000 2018,RT @ssquirrel007: üî•Amenüî• @NBCNews @ABC @CBS @NPR we are talking to you. Get with the program! #GetWoke NOW https://t.co/k0FFYUR93y,@CBS
0.504,0.0,0.86,0.14,36,Sun Jun 10 00:10:17 +0000 2018,RT @truth2u4me: Why did @CBS @CBSNews delete this clip from their own website? #Colbert forgot that he was supporting @realDonaldTrump? And‚Ä¶,@CBS
0.0,0.0,1.0,0.0,37,Sun Jun 10 00:10:11 +0000 2018,RT @AnaNardaci: @LiorNow @cbs #SaveScorpion,@CBS
-0.3786,0.301,0.699,0.0,38,Sun Jun 10 00:09:53 +0000 2018,@CBS I am upset/sad that you cancelled scorpion!!,@CBS
0.7506,0.0,0.73,0.27,39,Sun Jun 10 00:09:21 +0000 2018,RT @Brenda06135: This picture speaks 1000 words.  World leaders at G7 hang on to @POTUS's every word with intense interest and respect.   W‚Ä¶,@CBS
0.0,0.0,1.0,0.0,40,Sun Jun 10 00:08:51 +0000 2018,@CBS in this time of social media spoilers why are you tape delaying the @tonyawardslive broadcast to the West Coas‚Ä¶ https://t.co/ZajocuJLOh,@CBS
0.34,0.0,0.897,0.103,41,Sun Jun 10 00:06:31 +0000 2018,"RT @MagnumPICBS: When decorated former Navy SEAL Thomas Magnum returns home to Hawaii, he embarks on a new mission: Solving cases in style‚Ä¶",@CBS
0.0,0.0,1.0,0.0,42,Sun Jun 10 00:05:42 +0000 2018,@HISTORY @ovationtv @ABC  @CBS https://t.co/fcPnthJ5zR,@CBS
0.0,0.0,1.0,0.0,43,Sun Jun 10 00:05:09 +0000 2018,RT @pasbonca: @killianfleury45 @pattysartwork @ScorpionCBS @CBS C'est clair... l√† aussi les chiffres parlent d'eux m√™me üòâ #savescorpion #br‚Ä¶,@CBS
0.0,0.0,1.0,0.0,44,Sun Jun 10 00:03:14 +0000 2018,"RT @KyleKashuv: Discussing @TPUSA HIgh School Leadership Summit with @charliekirk11 with @CBS. 

Link to sign up in my bio. https://t.co/le‚Ä¶",@CBS
0.0,0.0,1.0,0.0,45,Sun Jun 10 00:03:06 +0000 2018,RT @AnaNardaci: @LiorNow @cbs #SaveScorpion,@CBS
0.0,0.0,1.0,0.0,46,Sun Jun 10 00:01:59 +0000 2018,üêê@NBA @ESPNNBA @SportsCenter @CBS @ABCNetwork @BET @MTV @TMZ @breakfastclubam @cthagod https://t.co/62xdUHOSL3,@CBS
0.4215,0.0,0.843,0.157,47,Sun Jun 10 00:01:29 +0000 2018,RT @JKCorden: Tonight‚Äôs @latelateshow might be one of my favorites of all time x @CBS 12.30 x #LateLateShawn,@CBS
0.7374,0.0,0.779,0.221,48,Sun Jun 10 00:01:22 +0000 2018,"RT @TheTonyAwards: We can hardly contain our excitement! Set your DVRs and put the bubbly on ice, because the Tony Awards are tomorrow nigh‚Ä¶",@CBS
0.0,0.0,1.0,0.0,49,Sun Jun 10 00:01:18 +0000 2018,RT @pasbonca: @killianfleury45 @pattysartwork @ScorpionCBS @CBS C'est clair... l√† aussi les chiffres parlent d'eux m√™me üòâ #savescorpion #br‚Ä¶,@CBS
0.0,0.0,1.0,0.0,50,Sun Jun 10 00:01:00 +0000 2018,RT @pasbonca: @killianfleury45 @CBS @netflix La qu√™te d'originalit√© n'est pas un but en soit üòÇüòÇ d'ailleurs @CBSTVStudios et @CBS nous le pr‚Ä¶,@CBS
0.0,0.0,1.0,0.0,51,Sat Jun 09 23:59:24 +0000 2018,RT @pasbonca: @killianfleury45 @CBS @netflix La qu√™te d'originalit√© n'est pas un but en soit üòÇüòÇ d'ailleurs @CBSTVStudios et @CBS nous le pr‚Ä¶,@CBS
0.0,0.0,1.0,0.0,52,Sat Jun 09 23:57:22 +0000 2018,RT @pasbonca: @CBS @CBSTVStudios @M6 salutations üòÜ c'est l'heure de la m√©t√©o en France. Chaud mais couvert... √ßa sent l'orage... √î rage...‚Ä¶,@CBS
0.0,0.0,1.0,0.0,53,Sat Jun 09 23:57:01 +0000 2018,@ssquirrel007 @NBCNews @ABC @CBS @NPR The time is now!,@CBS
0.875,0.0,0.655,0.345,54,Sat Jun 09 23:54:50 +0000 2018,RT @FevrierMaxine: The Brave is more than a series it honours those brave soldiers who put their lives on the line #RedeployTheBrave #TheBr‚Ä¶,@CBS
0.6369,0.0,0.846,0.154,55,Sat Jun 09 23:52:54 +0000 2018,RT @joycelancelane: #TheBrave was the best new show on TV this season. Even the shows I have been watching for years don‚Äôt compare. We need‚Ä¶,@CBS
0.4215,0.0,0.843,0.157,56,Sat Jun 09 23:52:26 +0000 2018,RT @JKCorden: Tonight‚Äôs @latelateshow might be one of my favorites of all time x @CBS 12.30 x #LateLateShawn,@CBS
0.5106,0.0,0.864,0.136,57,Sat Jun 09 23:51:36 +0000 2018,"RT @victoriarowell: Black women buy more @PGeveryday PAMPERS than any other group, understand w/out strong sales P&amp;G ad dollars 
paid to @C‚Ä¶",@CBS
0.3182,0.0,0.867,0.133,58,Sat Jun 09 23:51:13 +0000 2018,RT @messup7592: Please @syfy @netflix @amazon @cbs this show really deserve another seasons #BringBackScorpion #SaveScorpion ü¶Ç https://t.co‚Ä¶,@CBS
0.0,0.0,1.0,0.0,59,Sat Jun 09 23:51:13 +0000 2018,@pambesteder @CBS @ABC @nbc @fox @CNN @MSNBC Canadian Broadcasting Corporation.  The whole election coverage is sti‚Ä¶ https://t.co/8qCkQ0Mg0Q,@CBS
0.7374,0.0,0.779,0.221,60,Sat Jun 09 23:50:45 +0000 2018,"RT @TheTonyAwards: We can hardly contain our excitement! Set your DVRs and put the bubbly on ice, because the Tony Awards are tomorrow nigh‚Ä¶",@CBS
-0.1531,0.096,0.904,0.0,61,Sat Jun 09 23:50:33 +0000 2018,"RT @DearEvanHansen: This Sunday, don‚Äôt miss #DearEvanHansen on @TheTonyAwards, at 8/7c on @CBS. #ThisIsBroadway #TonyAwards https://t.co/Fx‚Ä¶",@CBS
0.2003,0.094,0.781,0.125,62,Sat Jun 09 23:50:04 +0000 2018,RT @messup7592: @pattysartwork Good advice to @CBS when they will be stressed out when they‚Äôre going to see #SaveScorpion trending widely !‚Ä¶,@CBS
0.296,0.0,0.761,0.239,63,Sat Jun 09 23:49:56 +0000 2018,RT @messup7592: @LiorNow Yeah #SaveScorpion #ScorpionSeason5 @CBS https://t.co/0HsgNQz2u0,@CBS
0.0,0.0,1.0,0.0,64,Sat Jun 09 23:49:36 +0000 2018,RT @messup7592: @thinkispossibl1 @CBS @ScorpionCBS Season 5 for @ScorpionCBS ! #SaveScorpion,@CBS
0.4019,0.0,0.903,0.097,65,Sat Jun 09 23:48:05 +0000 2018,RT @CaptainBadger79: So first day of my holiday and I switch on the TV to see Scorpion. We'll @CBS I think this might be a sign to renew fo‚Ä¶,@CBS
0.0,0.0,1.0,0.0,66,Sat Jun 09 23:48:02 +0000 2018,RT @Jason_Aldean: Tune in TONIGHT to see Jason's recent appearance on @colbertlateshow re-air @CBS #LSSC https://t.co/dsepJ01bZi,@CBS
0.9635,0.036,0.465,0.499,67,Sat Jun 09 23:47:54 +0000 2018,RT @messup7592: Socially awkward but very smart bunch of friends sticking together to save the country/World ...  Best synopsis ever for a‚Ä¶,@CBS
0.0,0.0,1.0,0.0,68,Sat Jun 09 23:47:43 +0000 2018,"RT @messup7592: @paolasantoro4 @ScorpionCBS @CBSTVStudios @CBS @festivaltvmc @EurodataTV @CBS , what have you done ? #savescorpion #BringBa‚Ä¶",@CBS
0.7096,0.0,0.731,0.269,69,Sat Jun 09 23:47:36 +0000 2018,"RT @paolasantoro4: Nominees for the 13th International TV Audience Awards with @ScorpionCBS
I hope @CBSTVStudios @CBS understand the great‚Ä¶",@CBS
0.0,0.0,1.0,0.0,70,Sat Jun 09 23:47:14 +0000 2018,RT @HelenandYos: It has definetly captured mine!! So @CBS @CBSTVStudios #bringbackscorpion or any other network @amazon @netflix @hulu @war‚Ä¶,@CBS
0.34,0.113,0.714,0.172,71,Sat Jun 09 23:47:08 +0000 2018,RT @GailHurt3: @EW @people @Variety @TVGuide @InsideEdition @USATODAY @THR this would be a great story about @CBSTVStudios @CBS ignoring fa‚Ä¶,@CBS
0.3182,0.0,0.901,0.099,72,Sat Jun 09 23:47:01 +0000 2018,RT @GailHurt3: @EW would you do a story on @CBSTVStudios @CBS canceling @ScorpionCBS with a huge following world wide &amp; nominated for an aw‚Ä¶,@CBS
0.0,0.0,1.0,0.0,73,Sat Jun 09 23:46:53 +0000 2018,RT @LiorNow: @GailHurt3 @EW @people @Variety @TVGuide @InsideEdition @USATODAY @THR @CBSTVStudios @CBS @ScorpionCBS Especially in light of‚Ä¶,@CBS
0.3595,0.094,0.755,0.151,74,Sat Jun 09 23:46:27 +0000 2018,"RT @MArmenoff: @CBS we have the perfect person to correct the relationship mess called Scorpion!  With Dr. Rizzuto
(Penn Jillette), team Sc‚Ä¶",@CBS
0.0,0.0,1.0,0.0,75,Sat Jun 09 23:46:24 +0000 2018,"RT @MArmenoff: We need a meme of Toby‚Äôs gambling scene in S 1 Ep2.  Instead of Toby, it will be reps bidding on Scorpion syndication after‚Ä¶",@CBS
0.743,0.062,0.712,0.226,76,Sat Jun 09 23:46:15 +0000 2018,RT @HeleenScorpion: I just can't get over the fact that you cancelled one of your best shows and a few weeks later you are proud that it go‚Ä¶,@CBS
0.0,0.0,1.0,0.0,77,Sat Jun 09 23:45:35 +0000 2018,"RT @sandrineTRANEL: @CBS , #MacGyver : @lucastill i just saw the last 2 episodes of season 2 ..... &amp; i didn't expect this to end there ....‚Ä¶",@CBS
0.0,0.0,1.0,0.0,78,Sat Jun 09 23:45:17 +0000 2018,RT @DouglasHespelt: @pattysartwork @tvfan00 @chpspics @YgrekCe @just_a_meow_mom @CBS @ScorpionCBS You are so very right!! Scorpion is total‚Ä¶,@CBS
0.3182,0.0,0.901,0.099,79,Sat Jun 09 23:45:02 +0000 2018,RT @GailHurt3: @EW would you do a story on @CBSTVStudios @CBS canceling @ScorpionCBS with a huge following world wide &amp; nominated for an aw‚Ä¶,@CBS
0.2023,0.0,0.917,0.083,80,Sat Jun 09 23:44:38 +0000 2018,"@pambesteder @CBS @ABC @nbc @fox @CNN @MSNBC Just for giggles, you have got to watch The Young Turks Election Night‚Ä¶ https://t.co/LadW5vclZx",@CBS
0.0,0.0,1.0,0.0,81,Sat Jun 09 23:44:24 +0000 2018,RT @MRamuz: @CBS Bring Scorpion back !!! @CBSTVStudios #SaveScorpion #bringbackscorpion https://t.co/fTqs8JJedh,@CBS
0.0,0.0,1.0,0.0,82,Sat Jun 09 23:44:19 +0000 2018,"RT @MArmenoff: We need a meme of Toby‚Äôs gambling scene in S 1 Ep2.  Instead of Toby, it will be reps bidding on Scorpion syndication after‚Ä¶",@CBS
0.0,0.0,1.0,0.0,83,Sat Jun 09 23:41:39 +0000 2018,"#ThisIsAmerica: #Racist, #Unrepentant; #SystematicallyBroken &amp; #Suicidal. #WhyteSupremacy is a #Cancer #America doe‚Ä¶ https://t.co/8LFtKD96xK",@CBS
0.0,0.0,1.0,0.0,84,Sat Jun 09 23:41:02 +0000 2018,RT @ilovemalec24: #SaveTheShadowWorld #SAVESHADOWHUNTERS¬†¬†@FreeformTV @hulu @netflix @spike @TheCW @FOXTV @amazon @PrimeVideo @Shadowhunter‚Ä¶,@CBS
0.0,0.0,1.0,0.0,85,Sat Jun 09 23:40:11 +0000 2018,RT @ilovemalec24: @softddario @HazzaxxLoueh @emilylongeretta @FreeformTV @ShadowhuntersTV #boycottfreeform #SaveTheShadowWorld #SAVESHADOWH‚Ä¶,@CBS
-0.1531,0.096,0.904,0.0,86,Sat Jun 09 23:39:00 +0000 2018,"RT @DearEvanHansen: This Sunday, don‚Äôt miss #DearEvanHansen on @TheTonyAwards, at 8/7c on @CBS. #ThisIsBroadway #TonyAwards https://t.co/Fx‚Ä¶",@CBS
0.4215,0.0,0.843,0.157,87,Sat Jun 09 23:38:12 +0000 2018,RT @JKCorden: Tonight‚Äôs @latelateshow might be one of my favorites of all time x @CBS 12.30 x #LateLateShawn,@CBS
0.0,0.0,1.0,0.0,88,Sat Jun 09 23:38:01 +0000 2018,"RT @KyleKashuv: Discussing @TPUSA HIgh School Leadership Summit with @charliekirk11 with @CBS. 

Link to sign up in my bio. https://t.co/le‚Ä¶",@CBS
0.0772,0.071,0.844,0.084,89,Sat Jun 09 23:36:25 +0000 2018,"@CNN There is no such thing as a same sex marriage . He can kiss his boyfriend,girlfriend ,wife or partner ,but its‚Ä¶ https://t.co/mqt8elVMjj",@CBS
0.0,0.0,1.0,0.0,90,Sat Jun 09 23:35:17 +0000 2018,RT @ilovemalec24: @softddario @HazzaxxLoueh @emilylongeretta @FreeformTV @ShadowhuntersTV #boycottfreeform #SaveTheShadowWorld #SAVESHADOWH‚Ä¶,@CBS
0.4215,0.0,0.843,0.157,91,Sat Jun 09 23:34:22 +0000 2018,RT @JKCorden: Tonight‚Äôs @latelateshow might be one of my favorites of all time x @CBS 12.30 x #LateLateShawn,@CBS
0.0,0.0,1.0,0.0,92,Sat Jun 09 23:30:58 +0000 2018,@KyleKashuv @TPUSA @charliekirk11 @CBS Quite possibly a future Pres/Vice Pres combo right there.,@CBS
0.0,0.0,1.0,0.0,93,Sat Jun 09 23:27:59 +0000 2018,@pambesteder @CBS @ABC @nbc @fox @CNN @MSNBC Did you see CBC's coverage? The leftists had a total meltdown. As a co‚Ä¶ https://t.co/7MAyVEySwr,@CBS
0.2808,0.153,0.654,0.194,94,Sat Jun 09 23:26:29 +0000 2018,"RT @Pepamint83: Code Black Fans 

Let's show CBS they made a HUGE mistake by cancelling #CodeBlack and show them our fan number's. 

PLEASE‚Ä¶",@CBS
0.0,0.0,1.0,0.0,95,Sat Jun 09 23:26:00 +0000 2018,"@KyleKashuv @TPUSA @charliekirk11 @CBS @KyleKashuv , Will you show @charliekirk11 where the punctuation marks are on his phone keypad?",@CBS
0.0,0.0,1.0,0.0,96,Sat Jun 09 23:25:39 +0000 2018,"RT @KyleKashuv: Discussing @TPUSA HIgh School Leadership Summit with @charliekirk11 with @CBS. 

Link to sign up in my bio. https://t.co/le‚Ä¶",@CBS
0.0,0.0,1.0,0.0,97,Sat Jun 09 23:24:26 +0000 2018,"RT @RnH_Org: #FlashbackFriday to @CinderellaBway's performance on @TheTonyAwards in 2013 featuring @LauraOsnes, @SantinoFontana, and @Vicki‚Ä¶",@CBS
0.0,0.0,1.0,0.0,98,Sat Jun 09 23:23:28 +0000 2018,@pambesteder @CBS @ABC @nbc @fox @CNN @MSNBC üòÜüòÜüòÜüòÜüòÜ,@CBS
0.0,0.0,1.0,0.0,99,Sat Jun 09 23:23:22 +0000 2018,"RT @DeckerStar_Luv: This is also a line I happen to catch in the last episode Once Upon A Time. 
#SaveLucifer #PickUpLucifer 
@tomellis17 @‚Ä¶",@CBS
-0.6124,0.357,0.643,0.0,0,Sun Jun 10 00:38:37 +0000 2018,"@amber_athey @CNN 45 is such an embarrassment, it is mind numbing.",@CNN
0.0,0.0,1.0,0.0,1,Sun Jun 10 00:38:36 +0000 2018,@SimonDingleyCBC @GFrankPower @CNN  https://t.co/gXOIf3IPmY,@CNN
-0.6486,0.325,0.675,0.0,2,Sun Jun 10 00:38:36 +0000 2018,@therealcornett @craigster0726 @CNN Four haters and members of the biased and corrupt LSM.,@CNN
-0.4404,0.132,0.868,0.0,3,Sun Jun 10 00:38:34 +0000 2018,@2000heynow @ShaunRas31 @Jane_S1970 @CNN He tweeted the exact words. I follow him so I can see how big a fool he wi‚Ä¶ https://t.co/405heRjhI5,@CNN
-0.5423,0.333,0.667,0.0,4,Sun Jun 10 00:38:30 +0000 2018,@CNN Break it off in Trump‚Äôs ass Justin.,@CNN
-0.6854,0.273,0.727,0.0,5,Sun Jun 10 00:38:25 +0000 2018,"@Trump417 @amber_athey @DonaldJTrumpJr @CNN @ShepNewsTeam The media is not about truth anymore, it‚Äôs about controversy! What a shame!",@CNN
-0.296,0.109,0.891,0.0,6,Sun Jun 10 00:38:25 +0000 2018,"@CetranoSusan @CNN No, the family should have requested the doctors office call Walgreens and submit the form. The‚Ä¶ https://t.co/yRUAitKC1n",@CNN
0.0,0.0,1.0,0.0,7,Sun Jun 10 00:38:24 +0000 2018,@CNN About a month ago Anthony Bourdain tweeted ‚ÄúI‚Äôve been on the receiving end of her operatives‚Äô wrath. And it ai‚Ä¶ https://t.co/iQmwnHg89o,@CNN
0.3818,0.0,0.867,0.133,8,Sun Jun 10 00:38:24 +0000 2018,@FoxNews @BreitbartNews @WSJ @YouTube @CNN Dear Websites that open a full page advertising pop up within seconds of‚Ä¶ https://t.co/e0ii1AOlDO,@CNN
0.7626,0.0,0.704,0.296,9,Sun Jun 10 00:38:20 +0000 2018,"@CNN @pott_a Yeah, JT p*sses me off a lot lately but man, in this case, he makes me proud to be a Canadian.",@CNN
-0.5255,0.139,0.861,0.0,10,Sun Jun 10 00:38:15 +0000 2018,"RT @amber_athey: WATCH: President Trump nukes @CNN reporter into another dimension. 

""I figured. Fake news CNN. The worst!"" he said. ""I ha‚Ä¶",@CNN
0.8192,0.0,0.693,0.307,11,Sun Jun 10 00:38:14 +0000 2018,@U2start @peacewillfollow @CNN @nbc @abc LET ME MAKE This PERFECTLY Clear This IS NOT A Historic Summit IN Singapor‚Ä¶ https://t.co/KKbi3yjuxH,@CNN
0.0,0.0,1.0,0.0,12,Sun Jun 10 00:38:14 +0000 2018,"@CNN He is nothing more than a small child, who believes the ENTIRE world centers around him. #fuckTrump #fuckAmeriKKKa",@CNN
-0.296,0.095,0.905,0.0,13,Sun Jun 10 00:38:11 +0000 2018,RT @CNN: JUST IN: Canadian Prime Minister Justin Trudeau says he will impose retaliatory measures to answer President Trump's tariffs on st‚Ä¶,@CNN
-0.3612,0.111,0.889,0.0,14,Sun Jun 10 00:38:11 +0000 2018,"@ann_kennedy62 @CNN I‚Äôm an American, and I am embarrassed of what Trump and his ‚Äúsheep‚Äù have done to our country. T‚Ä¶ https://t.co/g8O9ZHg2rB",@CNN
-0.4767,0.383,0.617,0.0,15,Sun Jun 10 00:38:11 +0000 2018,FCK @CNN fake news #MAGA https://t.co/67O8stSboG,@CNN
0.0,0.0,1.0,0.0,16,Sun Jun 10 00:38:10 +0000 2018,@Jeff12324 @desertrival @CNN You will be packing your bags just as soon (if) as you get off the Kool Aid!üòÇ,@CNN
0.0,0.134,0.732,0.134,17,Sun Jun 10 00:38:08 +0000 2018,@Bubbles85295587 @CNN Yeah what you said. Just do something! All talk and no show.,@CNN
0.3612,0.0,0.872,0.128,18,Sun Jun 10 00:38:07 +0000 2018,@CNN @StCollinson @realDonaldTrump looks like petulant fricking 8 year old that isnt getting his way. What an embar‚Ä¶ https://t.co/7QmJFHBdPt,@CNN
-0.296,0.095,0.905,0.0,19,Sun Jun 10 00:38:06 +0000 2018,RT @CNN: JUST IN: Canadian Prime Minister Justin Trudeau says he will impose retaliatory measures to answer President Trump's tariffs on st‚Ä¶,@CNN
0.6124,0.0,0.667,0.333,20,Sun Jun 10 00:38:05 +0000 2018,@CNN Well thanks to President Trump. We‚Äôre infront again. #MAGA2024 üá∫üá∏ https://t.co/mm7Qb7wiKO,@CNN
0.0,0.0,1.0,0.0,21,Sun Jun 10 00:38:02 +0000 2018,"@CNN I'm 36 and I still take it. It helped me immensely as a kid and in college. ADHD isn't something you necessarily ""grow out of.""",@CNN
-0.296,0.095,0.905,0.0,22,Sun Jun 10 00:37:59 +0000 2018,RT @CNN: JUST IN: Canadian Prime Minister Justin Trudeau says he will impose retaliatory measures to answer President Trump's tariffs on st‚Ä¶,@CNN
-0.296,0.095,0.905,0.0,23,Sun Jun 10 00:37:59 +0000 2018,RT @CNN: JUST IN: Canadian Prime Minister Justin Trudeau says he will impose retaliatory measures to answer President Trump's tariffs on st‚Ä¶,@CNN
0.0,0.0,1.0,0.0,24,Sun Jun 10 00:37:57 +0000 2018,"@2000heynow @ShaunRas31 @Jane_S1970 @CNN So then, you don't have an answer?",@CNN
0.7351,0.0,0.744,0.256,25,Sun Jun 10 00:37:57 +0000 2018,Tearing up watching old episodes of @CNN parts unknown. Anthony Bourdain is a one of a kind talent gone far too soon,@CNN
0.0,0.0,1.0,0.0,26,Sun Jun 10 00:37:56 +0000 2018,@paulmasonnews My question is why won't @cnn cover this too?,@CNN
0.2584,0.0,0.887,0.113,27,Sun Jun 10 00:37:55 +0000 2018,@Mike_G_YYC @ErnestoReyes27 @SylvanMarigold @CNN @realDonaldTrump Can't argue with that right now. We have turned into a cartoon world.,@CNN
-0.4845,0.142,0.858,0.0,28,Sun Jun 10 00:37:52 +0000 2018,"@CNN Does it get more humiliating than this??! He is beyond belief. I think I‚Äôm headed for a news/twitter break, th‚Ä¶ https://t.co/m0eBBb22P8",@CNN
0.0,0.0,1.0,0.0,29,Sun Jun 10 00:37:50 +0000 2018,@CNN When you got a power but you are senseless,@CNN
-0.0387,0.145,0.716,0.139,30,Sun Jun 10 00:37:46 +0000 2018,@karl_ratte @2000heynow @Jane_S1970 @CNN Good...Our friends need to stand up to this jackass.  He's our president a‚Ä¶ https://t.co/jZIRzcE15j,@CNN
-0.296,0.095,0.905,0.0,31,Sun Jun 10 00:37:46 +0000 2018,RT @CNN: JUST IN: Canadian Prime Minister Justin Trudeau says he will impose retaliatory measures to answer President Trump's tariffs on st‚Ä¶,@CNN
0.0,0.0,1.0,0.0,32,Sun Jun 10 00:37:44 +0000 2018,"RT @dylanmsmitty: @CNN @MSNBC @FoxNews @ABC @NBCNews @CBSNews @BloombergTV @oneamericanews @newsmax @BBCAMERICA @theblaze @FusionNews 

Don‚Ä¶",@CNN
-0.296,0.095,0.905,0.0,33,Sun Jun 10 00:37:43 +0000 2018,RT @CNN: JUST IN: Canadian Prime Minister Justin Trudeau says he will impose retaliatory measures to answer President Trump's tariffs on st‚Ä¶,@CNN
0.3182,0.086,0.769,0.145,34,Sun Jun 10 00:37:43 +0000 2018,"I was quiet yesterday after my friend called to tell me about #AnthonyBourdain. There was disbelief, then tears, bu‚Ä¶ https://t.co/37Hba27qT9",@CNN
0.2385,0.129,0.709,0.162,35,Sun Jun 10 00:37:42 +0000 2018,"RT @DBloom451: Trump's presser after the #G7Charlesvoix was a TOUR DE FORCE! This was the best partüëáwhen he called out FAKE NEWS @CNN!

Pre‚Ä¶",@CNN
-0.296,0.095,0.905,0.0,36,Sun Jun 10 00:37:42 +0000 2018,RT @CNN: JUST IN: Canadian Prime Minister Justin Trudeau says he will impose retaliatory measures to answer President Trump's tariffs on st‚Ä¶,@CNN
0.0,0.0,1.0,0.0,37,Sun Jun 10 00:37:41 +0000 2018,"@ABC Immigrants &gt; Americans &gt;American College Students &gt; American Homeless &gt; American Homeless Veterans. 

Sums up‚Ä¶ https://t.co/Ab0oh3AST1",@CNN
-0.296,0.095,0.905,0.0,38,Sun Jun 10 00:37:41 +0000 2018,RT @CNN: JUST IN: Canadian Prime Minister Justin Trudeau says he will impose retaliatory measures to answer President Trump's tariffs on st‚Ä¶,@CNN
0.4926,0.0,0.758,0.242,39,Sun Jun 10 00:37:39 +0000 2018,"@kneff50 @desertrival @CNN I‚Äôll take you up on that offer, thanks!",@CNN
0.0,0.0,1.0,0.0,40,Sun Jun 10 00:37:39 +0000 2018,@CNN this Bourdain is breaking my ‚ù§Ô∏è,@CNN
0.0,0.0,1.0,0.0,41,Sun Jun 10 00:37:37 +0000 2018,RT @DreamWalkarts: @CNN  https://t.co/bdEgEnXNSq,@CNN
0.0,0.0,1.0,0.0,42,Sun Jun 10 00:37:36 +0000 2018,RT @CNN: Former NBA star Dennis Rodman is traveling to Singapore for the upcoming summit between President Trump and North Korean Leader Ki‚Ä¶,@CNN
-0.296,0.095,0.905,0.0,43,Sun Jun 10 00:37:34 +0000 2018,RT @CNN: JUST IN: Canadian Prime Minister Justin Trudeau says he will impose retaliatory measures to answer President Trump's tariffs on st‚Ä¶,@CNN
-0.7269,0.243,0.757,0.0,44,Sun Jun 10 00:37:31 +0000 2018,@5455km629 @SFashano @CNN Mistaken?  Bush and Obama both got us into wars; Trump has kept us out of them.  A histor‚Ä¶ https://t.co/jrNlPmYS7h,@CNN
0.0,0.0,1.0,0.0,45,Sun Jun 10 00:37:31 +0000 2018,@CNN maybe we can just trade w/ n korea instead,@CNN
0.0,0.0,1.0,0.0,46,Sun Jun 10 00:37:30 +0000 2018,@CNN Ziggy Popped and do did Anthony Bourdain https://t.co/RujzsfKYcB,@CNN
0.0,0.0,1.0,0.0,47,Sun Jun 10 00:37:27 +0000 2018,@AprilMu37312477 @khristiepaulson @AmberGirl3 @PressSec @MichaelDelauzon @newsbyhughes @CNN @Scavino45 By all means‚Ä¶ https://t.co/rcNBwqK5Ut,@CNN
-0.4767,0.134,0.866,0.0,48,Sun Jun 10 00:37:23 +0000 2018,"RT @FoxNews: President @realDonaldTrump: ""Who are you with out of curiosity?""

Reporter: ""@CNN.""

@POTUS: ""I figured - Fake News CNN. The w‚Ä¶",@CNN
-0.296,0.095,0.905,0.0,49,Sun Jun 10 00:37:22 +0000 2018,RT @CNN: JUST IN: Canadian Prime Minister Justin Trudeau says he will impose retaliatory measures to answer President Trump's tariffs on st‚Ä¶,@CNN
-0.3818,0.206,0.794,0.0,50,Sun Jun 10 00:37:22 +0000 2018,"@CognitiveCaveat @amber_athey @DonaldJTrumpJr @CNN Still pushing that ‚Äúthin skinned‚Äù crap, Hillary?",@CNN
-0.6597,0.244,0.691,0.065,51,Sun Jun 10 00:37:22 +0000 2018,@CNN So a Trump-directed foreign policy flatters and defends the enemies of the US and hurls repeated insults at ou‚Ä¶ https://t.co/YoFoQxXSZ7,@CNN
-0.296,0.095,0.905,0.0,52,Sun Jun 10 00:37:20 +0000 2018,RT @CNN: JUST IN: Canadian Prime Minister Justin Trudeau says he will impose retaliatory measures to answer President Trump's tariffs on st‚Ä¶,@CNN
-0.5255,0.139,0.861,0.0,53,Sun Jun 10 00:37:18 +0000 2018,"RT @amber_athey: WATCH: President Trump nukes @CNN reporter into another dimension. 

""I figured. Fake news CNN. The worst!"" he said. ""I ha‚Ä¶",@CNN
0.6369,0.0,0.543,0.457,54,Sun Jun 10 00:37:17 +0000 2018,@amber_athey @dbongino @CNN Best president ever üëç,@CNN
0.5106,0.0,0.583,0.417,55,Sun Jun 10 00:37:13 +0000 2018,@CNN With a smile on his face. Playing games,@CNN
-0.2732,0.091,0.909,0.0,56,Sun Jun 10 00:37:12 +0000 2018,@CNN @StCollinson When the boat is rocked people tend to get nervous. We are not the world leaders doormat and its‚Ä¶ https://t.co/BhkgSUH4cU,@CNN
-0.4767,0.134,0.866,0.0,57,Sun Jun 10 00:37:12 +0000 2018,"RT @FoxNews: President @realDonaldTrump: ""Who are you with out of curiosity?""

Reporter: ""@CNN.""

@POTUS: ""I figured - Fake News CNN. The w‚Ä¶",@CNN
-0.4404,0.207,0.705,0.087,58,Sun Jun 10 00:37:11 +0000 2018,"@CNN It‚Äôs one thing to create &amp; egotistical maniac, it‚Äôs another to elect him as #potus. #gop #GOPComplicit #Trump‚Ä¶ https://t.co/rlOsYBgR9e",@CNN
-0.296,0.095,0.905,0.0,59,Sun Jun 10 00:37:11 +0000 2018,RT @CNN: JUST IN: Canadian Prime Minister Justin Trudeau says he will impose retaliatory measures to answer President Trump's tariffs on st‚Ä¶,@CNN
0.0,0.0,1.0,0.0,60,Sun Jun 10 00:37:10 +0000 2018,@archarsolbum @CNNPolitics @CNN Everything Trump says and does is for Trump .,@CNN
-0.296,0.095,0.905,0.0,61,Sun Jun 10 00:37:09 +0000 2018,RT @CNN: JUST IN: Canadian Prime Minister Justin Trudeau says he will impose retaliatory measures to answer President Trump's tariffs on st‚Ä¶,@CNN
-0.6901,0.24,0.76,0.0,62,Sun Jun 10 00:37:06 +0000 2018,"RT @CNN: President Trump calls Canadian Prime Minister Justin Trudeau ""very dishonest and weak,"" accusing him of making ""false statements""‚Ä¶",@CNN
-0.296,0.095,0.905,0.0,63,Sun Jun 10 00:37:05 +0000 2018,RT @CNN: JUST IN: Canadian Prime Minister Justin Trudeau says he will impose retaliatory measures to answer President Trump's tariffs on st‚Ä¶,@CNN
-0.296,0.095,0.905,0.0,64,Sun Jun 10 00:37:03 +0000 2018,RT @CNN: JUST IN: Canadian Prime Minister Justin Trudeau says he will impose retaliatory measures to answer President Trump's tariffs on st‚Ä¶,@CNN
-0.296,0.145,0.855,0.0,65,Sun Jun 10 00:37:02 +0000 2018,@FoxNews @realDonaldTrump @CNN @POTUS Liberals and @cnn have no idea what cash flow means.,@CNN
0.0,0.0,1.0,0.0,66,Sun Jun 10 00:37:02 +0000 2018,@CNN Trudy can shuffle and stomp his feet all he wants ! Will not change a thing ! His nany state does not compete on an equal basis !,@CNN
-0.3071,0.097,0.903,0.0,67,Sun Jun 10 00:36:59 +0000 2018,@CNN Trump knows the harm ongoing trade deficits have on our economy but all the simple minded resist crowd can say‚Ä¶ https://t.co/1Hi76gFIX4,@CNN
0.0,0.0,1.0,0.0,68,Sun Jun 10 00:36:58 +0000 2018,@dylanmsmitty @CNN @MSNBC @FoxNews @ABC @NBCNews @CBSNews @BloombergTV @oneamericanews @newsmax @BBCAMERICA‚Ä¶ https://t.co/NGkAX1szDd,@CNN
0.4137,0.0,0.845,0.155,69,Sun Jun 10 00:36:58 +0000 2018,@realDonaldTrump @g7 Wait... I thought you and the administration said it was for National Security?? @PressSec‚Ä¶ https://t.co/HYKhvwAFZu,@CNN
0.0,0.0,1.0,0.0,70,Sun Jun 10 00:36:57 +0000 2018,@CNN @potus is a #clueless #idiot who's WAY out of his league. @realdonaldtrump should Go back to reality TV where‚Ä¶ https://t.co/OJdgXdMr0M,@CNN
-0.5255,0.139,0.861,0.0,71,Sun Jun 10 00:36:56 +0000 2018,"RT @amber_athey: WATCH: President Trump nukes @CNN reporter into another dimension. 

""I figured. Fake news CNN. The worst!"" he said. ""I ha‚Ä¶",@CNN
-0.296,0.095,0.905,0.0,72,Sun Jun 10 00:36:56 +0000 2018,RT @CNN: JUST IN: Canadian Prime Minister Justin Trudeau says he will impose retaliatory measures to answer President Trump's tariffs on st‚Ä¶,@CNN
-0.3381,0.241,0.603,0.157,73,Sun Jun 10 00:36:55 +0000 2018,@juliemason @CNN @Bourdain This Vietnam piece is stunning.  I‚Äôm just so sad.,@CNN
-0.296,0.095,0.905,0.0,74,Sun Jun 10 00:36:52 +0000 2018,RT @CNN: JUST IN: Canadian Prime Minister Justin Trudeau says he will impose retaliatory measures to answer President Trump's tariffs on st‚Ä¶,@CNN
0.0,0.0,1.0,0.0,75,Sun Jun 10 00:36:50 +0000 2018,@TexasEEOLaw @madbum2018 @ojiichan42 @GildaRose77 @madbum456 @AnguaOcean @reverend_elli @SenatorCollins‚Ä¶ https://t.co/cgBiolKfDc,@CNN
0.6249,0.0,0.594,0.406,76,Sun Jun 10 00:36:48 +0000 2018,@ShaunRas31 @2000heynow @Jane_S1970 @CNN And it‚Äôs awesome,@CNN
0.0,0.0,1.0,0.0,77,Sun Jun 10 00:36:47 +0000 2018,"RT @dylanmsmitty: @CNN @MSNBC @FoxNews @ABC @NBCNews @CBSNews @BloombergTV @oneamericanews @newsmax @BBCAMERICA @theblaze @FusionNews 

Don‚Ä¶",@CNN
0.6705,0.0,0.645,0.355,78,Sun Jun 10 00:36:46 +0000 2018,@bill_foy @KristenBlush @imuhasib @CNN @KathleenFaux I‚Äôm glad too. Thank you. (Still giggling),@CNN
0.0,0.0,1.0,0.0,79,Sun Jun 10 00:36:46 +0000 2018,RT @KISSfanaticz: @GGJuliePayette @RoyalFamily @liberal_party @JustinTrudeau @gmbutts @telfordk @katepurchase @RalphGoodale @POTUS @g7 @UN‚Ä¶,@CNN
-0.296,0.095,0.905,0.0,80,Sun Jun 10 00:36:43 +0000 2018,RT @CNN: JUST IN: Canadian Prime Minister Justin Trudeau says he will impose retaliatory measures to answer President Trump's tariffs on st‚Ä¶,@CNN
0.3551,0.182,0.575,0.243,81,Sun Jun 10 00:36:42 +0000 2018,"@CNN For a shallow person like Trump, I can't help but think that he resents Trudeau's looks, brains and popularity.",@CNN
0.4404,0.0,0.734,0.266,82,Sun Jun 10 00:36:40 +0000 2018,@CNN I hope to see the episode with the president.,@CNN
-0.296,0.095,0.905,0.0,83,Sun Jun 10 00:36:38 +0000 2018,RT @CNN: JUST IN: Canadian Prime Minister Justin Trudeau says he will impose retaliatory measures to answer President Trump's tariffs on st‚Ä¶,@CNN
0.0,0.0,1.0,0.0,84,Sun Jun 10 00:36:38 +0000 2018,@2000heynow @Jane_S1970 @CNN Read his tweet. Exact words.,@CNN
0.0,0.0,1.0,0.0,85,Sun Jun 10 00:36:34 +0000 2018,"@CNN I could watch AND listen to him all day.
#embarrassedamerican",@CNN
-0.34,0.179,0.821,0.0,86,Sun Jun 10 00:36:30 +0000 2018,@19Calaban70 @Butterfly2Ocean @smalltownandrew @GartrellLinda @DNC @SenSchumer @dncpress @CNN @V_of_Europe I get it. Unfortunately üò©,@CNN
0.0,0.0,1.0,0.0,87,Sun Jun 10 00:36:29 +0000 2018,@CNN https://t.co/zhbYy0Gvux,@CNN
-0.4767,0.134,0.866,0.0,88,Sun Jun 10 00:36:26 +0000 2018,"RT @FoxNews: President @realDonaldTrump: ""Who are you with out of curiosity?""

Reporter: ""@CNN.""

@POTUS: ""I figured - Fake News CNN. The w‚Ä¶",@CNN
-0.296,0.091,0.909,0.0,89,Sun Jun 10 00:36:24 +0000 2018,"RT @yesmam47: @jessie44444 @CNN My theory is that after 4 bankruptcies Trump could no longer borrow money from US banks so he ""borrowed"" fr‚Ä¶",@CNN
0.0,0.0,1.0,0.0,90,Sun Jun 10 00:36:24 +0000 2018,@CNN @hblodget SOMEONE has to stand up to Pres Trump.,@CNN
0.7906,0.0,0.72,0.28,91,Sun Jun 10 00:36:22 +0000 2018,@JPTasker @CNN #CNN the less Americans know about Canada the better.   We have a great thing going in a country tha‚Ä¶ https://t.co/Nj9b34Rc3I,@CNN
-0.1511,0.19,0.724,0.086,92,Sun Jun 10 00:36:22 +0000 2018,@NIMH_Labs @RealTimers @CNN @FareedZakaria @billmaher @HBO Actually you're just sorry. Sorry excuse for a human!,@CNN
0.0,0.0,1.0,0.0,93,Sun Jun 10 00:36:21 +0000 2018,@MichLKosinski @CNN Why can't I see it in the UK?  I've got inside Africa,@CNN
0.0,0.0,1.0,0.0,94,Sun Jun 10 00:36:20 +0000 2018,"RT @CNN: As the millions of US children diagnosed with ADHD move into adulthood, more and more are wondering whether to continue taking the‚Ä¶",@CNN
-0.296,0.095,0.905,0.0,95,Sun Jun 10 00:36:17 +0000 2018,RT @CNN: JUST IN: Canadian Prime Minister Justin Trudeau says he will impose retaliatory measures to answer President Trump's tariffs on st‚Ä¶,@CNN
0.0,0.0,1.0,0.0,96,Sun Jun 10 00:36:17 +0000 2018,@thevinetway @CNN @JustinTrudeau Right. But we wouldn't subsidize any specific farm products that were being sold i‚Ä¶ https://t.co/6sfnJWMRpw,@CNN
0.0,0.0,1.0,0.0,97,Sun Jun 10 00:36:14 +0000 2018,"@TapestryofPeace @CNN You mean he has a brain, who knew that.",@CNN
-0.296,0.095,0.905,0.0,98,Sun Jun 10 00:36:14 +0000 2018,RT @CNN: JUST IN: Canadian Prime Minister Justin Trudeau says he will impose retaliatory measures to answer President Trump's tariffs on st‚Ä¶,@CNN
-0.3612,0.263,0.737,0.0,99,Sun Jun 10 00:36:14 +0000 2018,@FoxNews @realDonaldTrump @CNN @POTUS Keep fighting for us,@CNN
-0.4215,0.135,0.865,0.0,0,Sun Jun 10 00:16:44 +0000 2018,"RT @cbwaszak: @ProudResister @FoxNews Never mind, someone cited the law Hannity and @Fox news broke by airing the segment",@Fox
0.0,0.0,1.0,0.0,1,Sun Jun 10 00:05:22 +0000 2018,@JaredSandler @NewbergReport @Evan_P_Grant attention @fox and @mlb NYC based executives. Scheduling a national 6p g‚Ä¶ https://t.co/gxdnvocIEU,@Fox
0.4519,0.097,0.727,0.176,2,Sun Jun 10 00:04:14 +0000 2018,Torres is a keeper! Bottomline! We are The #Yankees! not the Cubs! We are about Championships! not a championship! @yankees @fox @foxsports,@Fox
0.0,0.0,1.0,0.0,3,Sun Jun 10 00:01:22 +0000 2018,I think I may vomit is I have to hear anymore deGrom to the Yankees speculation from these asshats in the @FOX booth #metstwitter,@Fox
0.0,0.0,1.0,0.0,4,Sat Jun 09 23:59:10 +0000 2018,Torres is untouchable Fellas!  Lets not even mention him in any of the potential for pitcher trades! Mets can keep‚Ä¶ https://t.co/opmZxEWOa8,@Fox
0.0,0.0,1.0,0.0,5,Sat Jun 09 23:51:13 +0000 2018,@pambesteder @CBS @ABC @nbc @fox @CNN @MSNBC Canadian Broadcasting Corporation.  The whole election coverage is sti‚Ä¶ https://t.co/8qCkQ0Mg0Q,@Fox
0.2023,0.0,0.917,0.083,6,Sat Jun 09 23:44:38 +0000 2018,"@pambesteder @CBS @ABC @nbc @fox @CNN @MSNBC Just for giggles, you have got to watch The Young Turks Election Night‚Ä¶ https://t.co/LadW5vclZx",@Fox
0.0,0.0,1.0,0.0,7,Sat Jun 09 23:39:15 +0000 2018,@Fox did you finish atlanta,@Fox
0.0,0.0,1.0,0.0,8,Sat Jun 09 23:27:59 +0000 2018,@pambesteder @CBS @ABC @nbc @fox @CNN @MSNBC Did you see CBC's coverage? The leftists had a total meltdown. As a co‚Ä¶ https://t.co/7MAyVEySwr,@Fox
0.0,0.0,1.0,0.0,9,Sat Jun 09 23:23:28 +0000 2018,@pambesteder @CBS @ABC @nbc @fox @CNN @MSNBC üòÜüòÜüòÜüòÜüòÜ,@Fox
0.0,0.0,1.0,0.0,10,Sat Jun 09 23:20:52 +0000 2018,RT @nikita_brigham: @tmz @fox news @abcnews @netflix @hulu #PickUpShadowhunters #SaveTheShadowWorld  #saveshadowhunters,@Fox
0.0,0.0,1.0,0.0,11,Sat Jun 09 23:18:42 +0000 2018,@tmz @fox news @abcnews @netflix @hulu #PickUpShadowhunters #SaveTheShadowWorld  #saveshadowhunters,@Fox
0.6369,0.0,0.743,0.257,12,Sat Jun 09 22:52:57 +0000 2018,"RT @waigefan197: @JoshLevs @ScorpionCBS @SYFY @netflix @amazon Yes i agree, this show deserves another season #SaveScorpion 
@netflix @amaz‚Ä¶",@Fox
0.0,0.0,1.0,0.0,13,Sat Jun 09 22:50:52 +0000 2018,"RT @Peace_Janise: @LethalWeaponFOX You might be getting a Season 3 but we won't be watching without @ClayneCrawford   

Sean William Scott?‚Ä¶",@Fox
0.0,0.0,1.0,0.0,14,Sat Jun 09 22:48:45 +0000 2018,@IWillRedPillU @sheila06942158 @MSNBC @nbc @CNN @fox @ABC @CBS I know!  Nothing at all in MSN!!!,@Fox
0.0,0.0,1.0,0.0,15,Sat Jun 09 21:46:09 +0000 2018,@FoxNews @POTUS I just know @fox are taking this as a complimentüòÇ,@Fox
0.0,0.0,1.0,0.0,16,Sat Jun 09 21:21:50 +0000 2018,@johnc_finney @CNN @fox I don't even watch cnn???,@Fox
0.6808,0.0,0.772,0.228,17,Sat Jun 09 21:01:04 +0000 2018,@orensoffer @Fox is owned by Rupert Murdoch. Net worth 16 BILLION and counting. He loves the way the #TrumpCult got‚Ä¶ https://t.co/4xmPIO643v,@Fox
0.0,0.0,1.0,0.0,18,Sat Jun 09 20:57:59 +0000 2018,@bamaboynnc @jeff_gluck @fox @BelmontStakes @nbc Never understand why they do that!,@Fox
0.5623,0.094,0.659,0.247,19,Sat Jun 09 20:55:22 +0000 2018,"@jeff_gluck Well i guess its a good thing @Fox put it on FS2 so no one can watch 
..Looks like i will just watch @BelmontStakes on @nbc",@Fox
0.3182,0.0,0.813,0.187,20,Sat Jun 09 20:52:34 +0000 2018,@MGH_8 @ABC @NBC @USA  @FOX somebody please pick up this show,@Fox
0.0,0.0,1.0,0.0,21,Sat Jun 09 20:50:53 +0000 2018,@DJBurn77 @GayRepublicSwag Most conservatives/republicans don't watch fox. We go with @realDailyWire @prageru‚Ä¶ https://t.co/tH9kjEL5a2,@Fox
0.4404,0.0,0.854,0.146,22,Sat Jun 09 20:27:43 +0000 2018,"@MaggieJoDavi10 thanks MaggieJo I didn't expect that channel, should have realized when I saw  @Yankees on @FOX &amp; I‚Ä¶ https://t.co/2SIHzafdTG",@Fox
0.0,0.0,1.0,0.0,23,Sat Jun 09 20:10:36 +0000 2018,@MMViverito @CarmenYulinCruz @nytimes @nypost @fox  https://t.co/eooR8KhWmh,@Fox
0.4588,0.0,0.857,0.143,24,Sat Jun 09 20:09:54 +0000 2018,@MMViverito @CarmenYulinCruz All of the sudden What‚Äôs your political agenda and interest with PR ? Let‚Äôs have the F‚Ä¶ https://t.co/aKQlfCrsqw,@Fox
0.0,0.0,1.0,0.0,25,Sat Jun 09 19:52:16 +0000 2018,"@CNN, @FOX   The US is not included in this - !!!!https://t.co/IpHLTs9KeS",@Fox
0.0,0.0,1.0,0.0,26,Sat Jun 09 19:37:00 +0000 2018,"RT @TxIntenseRadio: ""... world's largest bust in history""... that is until we look at Google Servers
""Assuming the avg size photo is 500kb,‚Ä¶",@Fox
0.0,0.0,1.0,0.0,27,Sat Jun 09 19:27:54 +0000 2018,@Libclown @Al_Gorelioni @marvin_hill123 @Ltdsoltd @DoeHategop @billcrowley3rd @Birdseye1 @Whichsideareuon @JoLeam3‚Ä¶ https://t.co/ACZrEeMKNv,@Fox
0.4648,0.0,0.798,0.202,28,Sat Jun 09 19:23:57 +0000 2018,"@KimTruthMatters @rita_trixie558 @martee22 @TomRoyActor @robreiner @rsmale @fox Make CNN, MSNBC, ABC, CBS RESPONSIBLE",@Fox
0.0,0.0,1.0,0.0,29,Sat Jun 09 19:01:09 +0000 2018,@somesadloser @CNN I cant expect anyone who watches CNN to understand Oblama era appointees illegally plotting to s‚Ä¶ https://t.co/4kBSsrd4Wy,@Fox
0.6124,0.0,0.808,0.192,30,Sat Jun 09 18:35:02 +0000 2018,"RT @Joanna75004529: Come on pick up the show, what are you waiting for? any network please make our dreams come trueüôèüôèüôè #Deception #SaveDec‚Ä¶",@Fox
0.3182,0.0,0.796,0.204,31,Sat Jun 09 17:39:24 +0000 2018,@FoxNews Let me vote @fox so I can vote ‚Äúmaybe‚Äù please,@Fox
0.4404,0.122,0.611,0.267,32,Sat Jun 09 17:30:01 +0000 2018,"Blessings Charles. Will miss you and your insights

@fox

 https://t.co/HtUuM5vbQM",@Fox
0.5584,0.093,0.694,0.213,33,Sat Jun 09 16:47:40 +0000 2018,"RT @IWillRedPillU: It seems VERY strange many of these cases are HUGE news, even the Department of Justice reports on their website that a‚Ä¶",@Fox
0.0,0.0,1.0,0.0,34,Sat Jun 09 16:47:05 +0000 2018,RT @RCRracing: @Nexteer @matt_tifft @DanielHemric @MISpeedway @fox  https://t.co/5mFl47Tl9F,@Fox
0.2255,0.0,0.9,0.1,35,Sat Jun 09 16:24:56 +0000 2018,"@FoxNews @realDonaldTrump @Fox @CNNPolitics The real percentage is more like 70%, but the media polls are inherentl‚Ä¶ https://t.co/RAuU2b6MDn",@Fox
-0.368,0.218,0.645,0.137,36,Sat Jun 09 15:59:34 +0000 2018,"@foxandfriends NO, he didn't call out FOX.  Fox got the FAKE NEWS AWARD in 2017 (see the Rasmussen Report and AOL N‚Ä¶ https://t.co/x0Hr3cq49m",@Fox
-0.368,0.205,0.667,0.128,37,Sat Jun 09 15:59:24 +0000 2018,"NO, he didn't call out FOX.  Fox got the FAKE NEWS AWARD in 2017 (see the Rasmussen Report and AOL News for Fox lie‚Ä¶ https://t.co/D36ZZEZtPs",@Fox
-0.6476,0.255,0.623,0.122,38,Sat Jun 09 15:52:32 +0000 2018,RT @PolitixGal: Dear @cnn @msnbc --&gt; Americans want to hear about all of Trump's accomplishments!  We are tired of the whining &amp; crying &amp; #‚Ä¶,@Fox
0.6124,0.0,0.808,0.192,39,Sat Jun 09 15:47:24 +0000 2018,"RT @Joanna75004529: Come on pick up the show, what are you waiting for? any network please make our dreams come trueüôèüôèüôè #Deception #SaveDec‚Ä¶",@Fox
-0.3182,0.255,0.584,0.161,40,Sat Jun 09 15:45:04 +0000 2018,This fuckin‚Äô summit is a joke already. Fuck You @Fox. https://t.co/DxXsDR1ysu,@Fox
0.7345,0.0,0.764,0.236,41,Sat Jun 09 15:30:03 +0000 2018,Good luck to @matt_tifft  &amp; @DanielHemric today as they compete at @MISpeedway! Tune in to @FOX at 1:30PM ET to cat‚Ä¶ https://t.co/aGQ4v9EYOy,@Fox
0.2023,0.0,0.899,0.101,42,Sat Jun 09 15:17:04 +0000 2018,"Top story: @lvweatherguy: 'Your seven day forecast for the Las Vegas area. @FOX‚Ä¶ https://t.co/EvlV9vMETQ, see more https://t.co/wP1O8VsAlM",@Fox
0.3612,0.115,0.705,0.181,43,Sat Jun 09 14:54:43 +0000 2018,@FoxNews @POTUS Great that we have a president who disparages his country‚Äôs people while on foreign soil. @fox‚Ä¶ https://t.co/PhXyK9uXth,@Fox
-0.765,0.321,0.586,0.093,44,Sat Jun 09 14:38:36 +0000 2018,"Sick and f‚Äôing tired of f‚Äôing Trump calling any reporters except from @Fox, fake. I wish @cnn and @cnnbrk would sta‚Ä¶ https://t.co/TaWI0WtSao",@Fox
0.0,0.0,1.0,0.0,45,Sat Jun 09 14:38:29 +0000 2018,@BartlettDaveJr1 @robhev @IWillRedPillU @MSNBC @nbc @CNN @fox @ABC @CBS @YouTube I don‚Äôt see how that video has anything to do with elites,@Fox
0.7003,0.0,0.633,0.367,46,Sat Jun 09 14:35:03 +0000 2018,Thanks to @fox for making this photo available freely on @unsplash üéÅ https://t.co/Bg0otbPLAU,@Fox
0.6124,0.0,0.808,0.192,47,Sat Jun 09 14:29:05 +0000 2018,"RT @Joanna75004529: Come on pick up the show, what are you waiting for? any network please make our dreams come trueüôèüôèüôè #Deception #SaveDec‚Ä¶",@Fox
-0.2144,0.229,0.57,0.201,48,Sat Jun 09 14:28:07 +0000 2018,@ChrisCoon4 @fox Their is a part of me hoping they could still save him from this cancer. I had an aggressive large‚Ä¶ https://t.co/FyXyPd7yfN,@Fox
0.0,0.0,1.0,0.0,49,Sat Jun 09 14:27:49 +0000 2018,@freeformtv @netflix @hulu @fox news @NBC news @tmz #NotOurLastHunt  #SaveTheShadowWorld  #saveshadowhunters,@Fox
0.0,0.0,1.0,0.0,50,Sat Jun 09 14:13:13 +0000 2018,RT @fox: FRONT-END DEVELOPMENT IS ENGINEERING. Sing with me because I am fed up with this.,@Fox
0.4404,0.0,0.873,0.127,51,Sat Jun 09 14:12:58 +0000 2018,"@pat_lee I hope #Mueller has her and the whole of @FOXTV in his sights.

IMO @FOX has been acting as a communicatio‚Ä¶ https://t.co/BlgYIG996N",@Fox
0.0,0.0,1.0,0.0,52,Sat Jun 09 14:11:24 +0000 2018,@FoxNews @POTUS @FOX @CAVUTO Live  Why do we need the EU? How many corporations sell products to EU.  What is the t‚Ä¶ https://t.co/J4ruN8bEPB,@Fox
-0.872,0.32,0.68,0.0,53,Sat Jun 09 14:02:43 +0000 2018,"RT @Vlad_Korchnoi: @SputnikInt *NOTHING* is as bad as the mass media puts it.

It is their job to scare monger and spread fear, uncertainty‚Ä¶",@Fox
-0.872,0.32,0.68,0.0,54,Sat Jun 09 14:00:23 +0000 2018,"RT @Vlad_Korchnoi: @SputnikInt *NOTHING* is as bad as the mass media puts it.

It is their job to scare monger and spread fear, uncertainty‚Ä¶",@Fox
-0.872,0.32,0.68,0.0,55,Sat Jun 09 13:53:16 +0000 2018,"RT @Vlad_Korchnoi: @SputnikInt *NOTHING* is as bad as the mass media puts it.

It is their job to scare monger and spread fear, uncertainty‚Ä¶",@Fox
0.6124,0.0,0.808,0.192,56,Sat Jun 09 13:38:51 +0000 2018,"RT @Joanna75004529: Come on pick up the show, what are you waiting for? any network please make our dreams come trueüôèüôèüôè #Deception #SaveDec‚Ä¶",@Fox
-0.872,0.32,0.68,0.0,57,Sat Jun 09 13:37:52 +0000 2018,"RT @Vlad_Korchnoi: @SputnikInt *NOTHING* is as bad as the mass media puts it.

It is their job to scare monger and spread fear, uncertainty‚Ä¶",@Fox
-0.872,0.32,0.68,0.0,58,Sat Jun 09 13:37:19 +0000 2018,"RT @Vlad_Korchnoi: @SputnikInt *NOTHING* is as bad as the mass media puts it.

It is their job to scare monger and spread fear, uncertainty‚Ä¶",@Fox
-0.872,0.331,0.669,0.0,59,Sat Jun 09 13:33:59 +0000 2018,"@SputnikInt *NOTHING* is as bad as the mass media puts it.

It is their job to scare monger and spread fear, uncert‚Ä¶ https://t.co/6YQ9N9UQbw",@Fox
0.0,0.0,1.0,0.0,60,Sat Jun 09 13:26:22 +0000 2018,Anthony Bourdain Ritually Sacrificed by the Satanic Mainstream Media https://t.co/KtZUYywqoI via @YouTube @AP @CNN‚Ä¶ https://t.co/qUyiWej7kD,@Fox
0.0,0.0,1.0,0.0,61,Sat Jun 09 13:19:55 +0000 2018,Anthony Bourdain another blood sacrifice https://t.co/PhGgbefM7L via @YouTube @AP @CNN @Fox @CBS @abc @foodnetwork @wgn @nbc @bet,@Fox
0.0772,0.146,0.693,0.162,62,Sat Jun 09 12:36:26 +0000 2018,"RT @larryztylinsxon: @TheCW @Fox @Hulu @Netflix PLEASE, DON'T LET SHADOWHUNTERS BE CANCELLED,  THIS IS #NotOurLastHunt",@Fox
0.0,0.0,1.0,0.0,63,Sat Jun 09 12:32:57 +0000 2018,"RT @fox: There are some exceptional engineers with plenty of public contributions. But, there are also numerous developers with little to n‚Ä¶",@Fox
0.4389,0.122,0.633,0.244,64,Sat Jun 09 12:27:51 +0000 2018,Thriller? @FOX this could be a great film! Russia breaks International law again. Using chemical weapons is a terri‚Ä¶ https://t.co/5r1iwmU3Ff,@Fox
0.0,0.0,1.0,0.0,65,Sat Jun 09 12:14:47 +0000 2018,@kima1eDa @ItsMeCathi @fox @foxnation @foxnewspolitics @FOXTV @LouDobbs How does Hannity still have a job? @seanhannity,@Fox
0.1877,0.0,0.902,0.098,66,Sat Jun 09 12:14:03 +0000 2018,RT @JessicaGooding9: I can't believe @fox cancelled #Lucifer. #pickuplucifer #savelucifer  I looked forward to Mondays because of that show‚Ä¶,@Fox
-0.2263,0.275,0.725,0.0,67,Sat Jun 09 12:04:49 +0000 2018,When @fox cancels #Lucifer #savelucifer https://t.co/GKGo8Hkpge,@Fox
-0.34,0.124,0.876,0.0,68,Sat Jun 09 11:35:03 +0000 2018,@FoxNews @replouiegohmert When I was a kid The @FBI and news networks @FOX excluded (FOX is still trustworthy) coul‚Ä¶ https://t.co/RPIrIErov7,@Fox
0.0,0.0,1.0,0.0,69,Sat Jun 09 10:47:38 +0000 2018,"RT @fox: There are some exceptional engineers with plenty of public contributions. But, there are also numerous developers with little to n‚Ä¶",@Fox
0.0,0.0,1.0,0.0,70,Sat Jun 09 09:35:38 +0000 2018,"RT @B0nitasprings18: @OMGno2trump Did u see the trump bear @fox is pushing, maybe give it #liberatormedical catheterüëçüèºoh yea, or new fangle‚Ä¶",@Fox
0.6124,0.11,0.638,0.252,71,Sat Jun 09 09:29:40 +0000 2018,"RT @fox: A short and sweet intro to `position: sticky`, a great alternative to JavaScript-reliant parallaxes that often lead to poor user e‚Ä¶",@Fox
0.6124,0.0,0.792,0.208,72,Sat Jun 09 08:55:47 +0000 2018,"Come on pick up the show, what are you waiting for? any network please make our dreams come trueüôèüôèüôè #Deception‚Ä¶ https://t.co/Lu5GcX42Bl",@Fox
0.0,0.0,1.0,0.0,73,Sat Jun 09 08:42:26 +0000 2018,"@OMGno2trump Did u see the trump bear @fox is pushing, maybe give it #liberatormedical catheterüëçüèºoh yea, or new fan‚Ä¶ https://t.co/3Qs78kuBnm",@Fox
0.0772,0.146,0.693,0.162,74,Sat Jun 09 08:39:03 +0000 2018,"RT @larryztylinsxon: @TheCW @Fox @Hulu @Netflix PLEASE, DON'T LET SHADOWHUNTERS BE CANCELLED,  THIS IS #NotOurLastHunt",@Fox
0.6124,0.164,0.537,0.299,75,Sat Jun 09 08:31:26 +0000 2018,"RT @fox: Github profile is excellent for validating problems with work-life balance and confirming that OS favours men with no commitments,‚Ä¶",@Fox
0.7796,0.0,0.657,0.343,76,Sat Jun 09 08:15:07 +0000 2018,"@mherych @fox Recommendations, while useful, are way less socially fair that GitHub profile.

To get good reference‚Ä¶ https://t.co/vnLINBB4mP",@Fox
0.0772,0.146,0.693,0.162,77,Sat Jun 09 07:59:29 +0000 2018,"RT @larryztylinsxon: @TheCW @Fox @Hulu @Netflix PLEASE, DON'T LET SHADOWHUNTERS BE CANCELLED,  THIS IS #NotOurLastHunt",@Fox
0.6124,0.164,0.537,0.299,78,Sat Jun 09 07:53:30 +0000 2018,"RT @fox: Github profile is excellent for validating problems with work-life balance and confirming that OS favours men with no commitments,‚Ä¶",@Fox
0.2732,0.0,0.87,0.13,79,Sat Jun 09 07:43:56 +0000 2018,"@glddraco @fox Well, they could get new leadership who will listen to fans...  #SaveLucifer #PickUpLucifer",@Fox
0.3527,0.0,0.895,0.105,80,Sat Jun 09 07:24:18 +0000 2018,"RT @Beatlesfan6: Oh lord, does @HeatherNauert know that Germany was not on our side during WWII?? Not surprising for a former @FOX reporter‚Ä¶",@Fox
0.5584,0.093,0.694,0.213,81,Sat Jun 09 07:13:15 +0000 2018,"RT @IWillRedPillU: It seems VERY strange many of these cases are HUGE news, even the Department of Justice reports on their website that a‚Ä¶",@Fox
0.0772,0.146,0.693,0.162,82,Sat Jun 09 06:58:25 +0000 2018,"RT @larryztylinsxon: @TheCW @Fox @Hulu @Netflix PLEASE, DON'T LET SHADOWHUNTERS BE CANCELLED,  THIS IS #NotOurLastHunt",@Fox
0.6369,0.0,0.802,0.198,83,Sat Jun 09 06:35:56 +0000 2018,"@fox I love seeing a Github profile, especially ones that contribute or use tech stacks I use.

The alternative is‚Ä¶ https://t.co/lewBvaxXgj",@Fox
0.0,0.0,1.0,0.0,84,Sat Jun 09 06:24:17 +0000 2018,@Fox did you ever finish Atlanta?,@Fox
0.0,0.0,1.0,0.0,85,Sat Jun 09 06:18:25 +0000 2018,@chuckwoolery I wrote @FOX years ago &amp; told them that Shep was an asshole and to take him off the air. Let them giv‚Ä¶ https://t.co/NCyhlNdFhq,@Fox
0.5584,0.093,0.694,0.213,86,Sat Jun 09 06:05:48 +0000 2018,"RT @IWillRedPillU: It seems VERY strange many of these cases are HUGE news, even the Department of Justice reports on their website that a‚Ä¶",@Fox
0.6124,0.164,0.537,0.299,87,Sat Jun 09 05:59:55 +0000 2018,"RT @fox: Github profile is excellent for validating problems with work-life balance and confirming that OS favours men with no commitments,‚Ä¶",@Fox
0.5584,0.093,0.694,0.213,88,Sat Jun 09 05:59:03 +0000 2018,"RT @IWillRedPillU: It seems VERY strange many of these cases are HUGE news, even the Department of Justice reports on their website that a‚Ä¶",@Fox
0.5868,0.115,0.615,0.271,89,Sat Jun 09 05:30:04 +0000 2018,"@jayreimers @FoxNews @JudgeJeanine @JusticeOIG These folks are very lazy on @FOX, they play their greatest hit song‚Ä¶ https://t.co/kpaOLJH34D",@Fox
0.5584,0.093,0.694,0.213,90,Sat Jun 09 05:12:14 +0000 2018,"RT @IWillRedPillU: It seems VERY strange many of these cases are HUGE news, even the Department of Justice reports on their website that a‚Ä¶",@Fox
0.0,0.0,1.0,0.0,91,Sat Jun 09 05:05:52 +0000 2018,"RT @fox: There are some exceptional engineers with plenty of public contributions. But, there are also numerous developers with little to n‚Ä¶",@Fox
-0.4084,0.126,0.874,0.0,92,Sat Jun 09 04:53:49 +0000 2018,@IWillRedPillU @wnpcat @MSNBC @nbc @CNN @fox @ABC @CBS We are basically at the point of PURE PROPAGANDA now.  This‚Ä¶ https://t.co/BjfgVFW4FC,@Fox
0.5584,0.093,0.694,0.213,93,Sat Jun 09 04:50:42 +0000 2018,"RT @IWillRedPillU: It seems VERY strange many of these cases are HUGE news, even the Department of Justice reports on their website that a‚Ä¶",@Fox
0.5584,0.093,0.694,0.213,94,Sat Jun 09 04:48:14 +0000 2018,"RT @IWillRedPillU: It seems VERY strange many of these cases are HUGE news, even the Department of Justice reports on their website that a‚Ä¶",@Fox
0.4767,0.0,0.86,0.14,95,Sat Jun 09 04:46:03 +0000 2018,"@fox ""Gamifying burnout"" is probably the clearest picture of something I've heard someone paint all week. Cheers for that üçªüòÉ",@Fox
0.6124,0.164,0.537,0.299,96,Sat Jun 09 04:35:31 +0000 2018,"RT @fox: Github profile is excellent for validating problems with work-life balance and confirming that OS favours men with no commitments,‚Ä¶",@Fox
0.0,0.0,1.0,0.0,97,Sat Jun 09 03:46:12 +0000 2018,@Libclown @courvoiserking @Al_Gorelioni @marvin_hill123 @DoeHategop @billcrowley3rd @Birdseye1 @Whichsideareuon‚Ä¶ https://t.co/B1KQTRiSYc,@Fox
0.0,0.0,1.0,0.0,98,Sat Jun 09 03:43:39 +0000 2018,@fox news @tmz #SaveTheShadowWorld,@Fox
0.7263,0.0,0.724,0.276,99,Sat Jun 09 02:48:46 +0000 2018,@ofctimallen We are geeked to get to watch new shows.! Thanks @Fox renewing  @LastManStanding  and thanks @cmt‚Ä¶ https://t.co/ZkAG4ewglI,@Fox
-0.296,0.128,0.872,0.0,0,Sat Jun 09 21:58:07 +0000 2018,Trump Says U.S. Will No Longer Be ‚ÄòPiggy Bank That Everybody‚Äôs Robbing‚Äô https://t.co/5xeiCALhkV | via @NewYorkTimes https://t.co/bIc3k6ste3,@NewYorkTimes
0.7739,0.0,0.748,0.252,1,Sat Jun 09 13:58:08 +0000 2018,"You won‚Äôt see this on @cnn or in the @NewYorkTimes 
TRUMP APPROVAL RATING Better than Obama and Reagan at Same Poin‚Ä¶ https://t.co/VXeIRuQqPb",@NewYorkTimes
0.0,0.0,1.0,0.0,2,Sat Jun 09 12:51:37 +0000 2018,"RT @EmilineSmith: How a Chinese Manuscript Written 2,300 Years Ago Ended Up in Washington (surprise - it was looted from China) - https://t‚Ä¶",@NewYorkTimes
0.0,0.0,1.0,0.0,3,Sat Jun 09 12:39:46 +0000 2018,"RT @EmilineSmith: How a Chinese Manuscript Written 2,300 Years Ago Ended Up in Washington (surprise - it was looted from China) - https://t‚Ä¶",@NewYorkTimes
0.0,0.0,1.0,0.0,4,Sat Jun 09 12:26:42 +0000 2018,"How a Chinese Manuscript Written 2,300 Years Ago Ended Up in Washington (surprise - it was looted from China) -‚Ä¶ https://t.co/5m8dBy4jqp",@NewYorkTimes
0.0,0.0,1.0,0.0,5,Sat Jun 09 09:57:03 +0000 2018,N.B.A. Finals: How the Warriors Swept the Cavs for a Third Title in Four Years https://t.co/MfSUUxqO1R | via‚Ä¶ https://t.co/mc5WgNxC0C,@NewYorkTimes
0.0,0.0,1.0,0.0,6,Sat Jun 09 02:08:31 +0000 2018,RT @flyhighmax: Colleges and State Laws Are Tamping Down on Fraternities https://t.co/1bQZANU0CR @newyorktimes #flyhighmax #stopthehazing,@NewYorkTimes
0.0,0.0,1.0,0.0,7,Fri Jun 08 21:56:05 +0000 2018,The Age of the #MSNBC Mom https://t.co/Dx3lSoeLe7 | via @NewYorkTimes https://t.co/kwdIAeiMCe,@NewYorkTimes
-0.4939,0.167,0.833,0.0,8,Fri Jun 08 15:55:13 +0000 2018,RT @Vero_Deus_Vult: .@NewYorkTimes used sex spy reporter #AliWatkins to steal confidential secrets from Trump administration officials.  ht‚Ä¶,@NewYorkTimes
0.0,0.0,1.0,0.0,9,Fri Jun 08 09:54:06 +0000 2018,The Left Side of Steve Kerr‚Äôs Brain https://t.co/E2kCj9t8x2 | via @NewYorkTimes https://t.co/CxupmTXkGu,@NewYorkTimes
0.0,0.0,1.0,0.0,10,Fri Jun 08 09:29:29 +0000 2018,#nysdoccs #nysdocs #nyscopba @nycgov @JewishJournal @JTAnews @jewishsf @JewishVoice @dailynews @nypost‚Ä¶ https://t.co/jMJidHkiUu,@NewYorkTimes
0.2023,0.0,0.921,0.079,11,Fri Jun 08 07:58:04 +0000 2018,RT @DenysJan: For those who really think  the gig economy is already important labour market issue read the article in @newyorktimes yester‚Ä¶,@NewYorkTimes
-0.4939,0.186,0.814,0.0,12,Fri Jun 08 05:17:17 +0000 2018,.@NewYorkTimes used sex spy reporter #AliWatkins to steal confidential secrets from Trump administration officials.‚Ä¶ https://t.co/ajaCcgMI5F,@NewYorkTimes
-0.5106,0.148,0.852,0.0,13,Fri Jun 08 03:11:05 +0000 2018,"RT @LeaveNoTraceMov: #LeaveNoTrace is 100% on Rotten Tomatoes.

Manohla Dargis of the @NewYorkTimes raves it‚Äôs ‚Äúa deeply affecting story ab‚Ä¶",@NewYorkTimes
0.682,0.119,0.613,0.268,14,Fri Jun 08 02:15:58 +0000 2018,We are so insanely honoured to be mentioned (and shown in clip) amongst such GREAT classic horror films and the upc‚Ä¶ https://t.co/CNfS7MYiTS,@NewYorkTimes
0.0772,0.0,0.947,0.053,15,Fri Jun 08 02:04:12 +0000 2018,@MSNBC They may want to talk with Rosen and Cheryl Atkinson. Now that the shoe is on the other foot is @msmbc still‚Ä¶ https://t.co/l7vJgs3e7s,@NewYorkTimes
0.0,0.0,1.0,0.0,16,Thu Jun 07 21:51:50 +0000 2018,‚ÄòIt‚Äôs Horrendous‚Äô: The Heartache of a Migrant Boy Taken From His Father https://t.co/cGoaz4gpBA | via @NewYorkTimes https://t.co/jNQZS2aRTb,@NewYorkTimes
0.0,0.0,1.0,0.0,17,Thu Jun 07 21:50:27 +0000 2018,"RT @FreshAirFund: Transforming lives‚Ä¶ one summer at a time! ‚òÄÔ∏è Check out our incredible insert in the @newyorktimes tomorrow, featuring the‚Ä¶",@NewYorkTimes
0.0,0.0,1.0,0.0,18,Thu Jun 07 21:39:11 +0000 2018,"RT @FreshAirFund: Transforming lives‚Ä¶ one summer at a time! ‚òÄÔ∏è Check out our incredible insert in the @newyorktimes tomorrow, featuring the‚Ä¶",@NewYorkTimes
0.0,0.0,1.0,0.0,19,Thu Jun 07 20:51:15 +0000 2018,"RT @FreshAirFund: Transforming lives‚Ä¶ one summer at a time! ‚òÄÔ∏è Check out our incredible insert in the @newyorktimes tomorrow, featuring the‚Ä¶",@NewYorkTimes
-0.5106,0.163,0.837,0.0,20,Thu Jun 07 19:38:55 +0000 2018,"#LeaveNoTrace is 100% on Rotten Tomatoes.

Manohla Dargis of the @NewYorkTimes raves it‚Äôs ‚Äúa deeply affecting story‚Ä¶ https://t.co/FLVRhU1dFf",@NewYorkTimes
0.0,0.0,1.0,0.0,21,Thu Jun 07 18:11:33 +0000 2018,@no_2_fascism @CNN @FoxNews @newyorktimes It happens all the time. You are literally saying LGBTQ pulled that from‚Ä¶ https://t.co/Dw9igRfC6u,@NewYorkTimes
-0.5727,0.217,0.783,0.0,22,Thu Jun 07 18:09:08 +0000 2018,@no_2_fascism @CNN @FoxNews @newyorktimes I‚Äôm not supporting any governments or religions that forbid or excecute LGBTQ people. Get real.,@NewYorkTimes
0.0,0.0,1.0,0.0,23,Thu Jun 07 18:08:54 +0000 2018,A Public Art Campaign Will Commission Political Billboards Across the Country https://t.co/Rsak1meDZE @kickstarter on the @newyorktimes!,@NewYorkTimes
0.3612,0.0,0.865,0.135,24,Thu Jun 07 18:08:44 +0000 2018,@GarfIsGod @CNN @FoxNews @newyorktimes Looks like lgbtqnation pulled that off Breitbart. This stuff DOES NOT happen‚Ä¶ https://t.co/FQUqR4cExa,@NewYorkTimes
-0.3744,0.217,0.637,0.146,25,Thu Jun 07 18:07:51 +0000 2018,"@no_2_fascism @CNN @FoxNews @newyorktimes Palestine is actually pretty moderate, most don‚Äôt get killed. Just monito‚Ä¶ https://t.co/KBAr127SNo",@NewYorkTimes
-0.8765,0.323,0.677,0.0,26,Thu Jun 07 18:06:10 +0000 2018,"@no_2_fascism @CNN @FoxNews Of course not, but this is Mahmoud Ishtiwi. Who was killed by Hamas for being accused o‚Ä¶ https://t.co/IsWZUisbr5",@NewYorkTimes
0.0,0.0,1.0,0.0,27,Thu Jun 07 16:45:09 +0000 2018,"Deep in the desert, Iran is quietly advancing its missile technology
#Iran #missledefense
Via @NewYorkTimes
https://t.co/FtWfYfz70g",@NewYorkTimes
-0.0516,0.144,0.72,0.136,28,Thu Jun 07 15:30:49 +0000 2018,"RT @Nancy_Landry: Louisiana is leading the way in #hazing reform. The #MaxGruverAct, our bill strengthening criminal penalties, mentioned i‚Ä¶",@NewYorkTimes
-0.296,0.121,0.879,0.0,29,Thu Jun 07 09:50:07 +0000 2018,"No, Mr. Trump, #Canada Did Not Burn Down the White House in the #Warof1812 https://t.co/4HNPTb0EoV | via‚Ä¶ https://t.co/yO2TMGQ6np",@NewYorkTimes
0.0,0.0,1.0,0.0,30,Thu Jun 07 04:34:31 +0000 2018,RT @flyhighmax: Colleges and State Laws Are Tamping Down on Fraternities https://t.co/1bQZANU0CR @newyorktimes #flyhighmax #stopthehazing,@NewYorkTimes
-0.4215,0.113,0.887,0.0,31,Thu Jun 07 03:57:23 +0000 2018,RT @GreenAmerica: Did you see last week's @newyorktimes article about whether US recyclables are all going to waste because of a new law in‚Ä¶,@NewYorkTimes
0.0,0.0,1.0,0.0,32,Wed Jun 06 23:28:20 +0000 2018,RT @flyhighmax: Colleges and State Laws Are Tamping Down on Fraternities https://t.co/1bQZANU0CR @newyorktimes #flyhighmax #stopthehazing,@NewYorkTimes
-0.802,0.298,0.702,0.0,33,Wed Jun 06 23:13:10 +0000 2018,@BBCWorld its sad to watch ppl fleeing crisis and dictatorship perish in the middle of the sea.. @cnn @newyorktimes,@NewYorkTimes
0.0,0.0,1.0,0.0,34,Wed Jun 06 22:07:53 +0000 2018,RT @flyhighmax: Colleges and State Laws Are Tamping Down on Fraternities https://t.co/1bQZANU0CR @newyorktimes #flyhighmax #stopthehazing,@NewYorkTimes
0.4939,0.0,0.789,0.211,35,Wed Jun 06 21:48:52 +0000 2018,Philly Doesn‚Äôt Care What Trump Says About the Eagles https://t.co/ze2ALCVw6V | via @NewYorkTimes https://t.co/cS8wYweY3X,@NewYorkTimes
0.0,0.0,1.0,0.0,36,Wed Jun 06 19:39:21 +0000 2018,RT @flyhighmax: Colleges and State Laws Are Tamping Down on Fraternities https://t.co/1bQZANU0CR @newyorktimes #flyhighmax #stopthehazing,@NewYorkTimes
0.4404,0.0,0.838,0.162,37,Wed Jun 06 18:58:54 +0000 2018,@kevinroose read your @newyorktimes article on #electricscooters. Do you think they are better than dockless bikes?,@NewYorkTimes
0.0,0.0,1.0,0.0,38,Wed Jun 06 15:30:39 +0000 2018,"There is real momentum to eliminating plastic straws, followed directly by all single-use plastic. The event indust‚Ä¶ https://t.co/XV7XkX8dnQ",@NewYorkTimes
0.0,0.0,1.0,0.0,39,Wed Jun 06 14:44:59 +0000 2018,Colleges and State Laws Are Tamping Down on Fraternities https://t.co/1bQZANU0CR @newyorktimes #flyhighmax #stopthehazing,@NewYorkTimes
0.3612,0.0,0.667,0.333,40,Wed Jun 06 14:26:49 +0000 2018,"Thank you @newyorktimes 
#MAGA
#TrumpTrain https://t.co/RR8OA3stxV",@NewYorkTimes
0.1779,0.0,0.866,0.134,41,Wed Jun 06 09:46:52 +0000 2018,Fixes: A Growing Drive to Get Homelessness to Zero https://t.co/HWQ7Yycfq0 | via @NewYorkTimes https://t.co/AytksL6kPn,@NewYorkTimes
-0.5106,0.191,0.809,0.0,42,Wed Jun 06 04:44:07 +0000 2018,@colbertlateshow @NewYorkTimes is a newspaper going extinct written by idiot liberal Democrats...    and that's whe‚Ä¶ https://t.co/fPwXebUJwN,@NewYorkTimes
-0.4215,0.113,0.887,0.0,43,Tue Jun 05 23:25:50 +0000 2018,RT @GreenAmerica: Did you see last week's @newyorktimes article about whether US recyclables are all going to waste because of a new law in‚Ä¶,@NewYorkTimes
-0.1531,0.103,0.897,0.0,44,Tue Jun 05 21:44:52 +0000 2018,"Miss America Ends Swimsuit Competition, Aiming to Evolve in ‚ÄòThis Cultural Revolution‚Äô https://t.co/fLxPNezYbY | vi‚Ä¶ https://t.co/BaAXg3J6q5",@NewYorkTimes
-0.4215,0.113,0.887,0.0,45,Tue Jun 05 21:27:12 +0000 2018,RT @GreenAmerica: Did you see last week's @newyorktimes article about whether US recyclables are all going to waste because of a new law in‚Ä¶,@NewYorkTimes
0.4019,0.0,0.748,0.252,46,Tue Jun 05 20:28:36 +0000 2018,@FEMARegion6 At the Winstar casino?  That‚Äôs interesting. @washingtonpost @newyorktimes,@NewYorkTimes
0.0,0.0,1.0,0.0,47,Tue Jun 05 15:01:15 +0000 2018,"With the M.T.A train delays at their highest, the @newyorktimes explains how two decisions pushed the #subway syste‚Ä¶ https://t.co/sup28G47rE",@NewYorkTimes
-0.25,0.105,0.895,0.0,48,Tue Jun 05 13:34:56 +0000 2018,"@PittsburghPG after months of debate, we cancelled our subscription due to the conservative evolution of the editor‚Ä¶ https://t.co/SysVG83m8r",@NewYorkTimes
-0.34,0.179,0.821,0.0,49,Tue Jun 05 09:41:24 +0000 2018,Mueller Accuses Paul Manafort of Attempted Witness Tampering https://t.co/XfUjKjru1y | via @NewYorkTimes https://t.co/uWcbcoVWsC,@NewYorkTimes
0.0,0.0,1.0,0.0,50,Tue Jun 05 03:43:11 +0000 2018,RT @marycjoyce2: Sarah Sanders Slaps Paul Krugman For ‚ÄòGreat Recession‚Äô Prediction Under Trump - https://t.co/osRsG9BpcZ WITH EVEN DEAL WIT‚Ä¶,@NewYorkTimes
-0.1779,0.078,0.922,0.0,51,Mon Jun 04 23:58:52 +0000 2018,"Secret Trump Memo Reveals Falsehood, and Shows Dilemma

It seems that yet another denial by Trump &amp; the White House‚Ä¶ https://t.co/BuHcwO810C",@NewYorkTimes
0.0,0.0,1.0,0.0,52,Mon Jun 04 22:42:23 +0000 2018,RT @marycjoyce2: Sarah Sanders Slaps Paul Krugman For ‚ÄòGreat Recession‚Äô Prediction Under Trump - https://t.co/osRsG9BpcZ WITH EVEN DEAL WIT‚Ä¶,@NewYorkTimes
0.4019,0.0,0.816,0.184,53,Mon Jun 04 21:39:58 +0000 2018,Trump Says Appointment of Special Counsel Is ‚ÄòTotally Unconstitutional‚Äô https://t.co/DxSxbwgIvu | via @NewYorkTimes https://t.co/n5oR4gIEiA,@NewYorkTimes
0.0,0.0,1.0,0.0,54,Mon Jun 04 16:11:38 +0000 2018,"@marycjoyce2 @newyorktimes I had a parrot, and used to line the bird cage with the Los Angeles Times.Once, Times Mi‚Ä¶ https://t.co/GahQvUzWKO",@NewYorkTimes
0.4404,0.0,0.805,0.195,55,Mon Jun 04 12:29:30 +0000 2018,Wellness travel is going way beyond spa services and outfitted gyms @newyorktimes https://t.co/PVmT6svxJB,@NewYorkTimes
-0.34,0.194,0.806,0.0,56,Mon Jun 04 09:37:59 +0000 2018,How I Accidentally Made My Mom a Bollywood Star https://t.co/iEwZBdqQT1 | via @NewYorkTimes https://t.co/Bqw52WncQZ,@NewYorkTimes
-0.765,0.337,0.663,0.0,57,Sun Jun 03 21:36:00 +0000 2018,Fatal Shootings of Psychiatrist and Paralegals Linked as Police Investigate Third Attack https://t.co/EclfTkUJH9 |‚Ä¶ https://t.co/lJbg18n0BX,@NewYorkTimes
0.0,0.0,1.0,0.0,58,Sun Jun 03 21:24:51 +0000 2018,RT @EubieBee: An article published by the @newyorktimes describes how Mt. Vernon (UB's home neighborhood in midtown Baltimore) has been rev‚Ä¶,@NewYorkTimes
-0.7456,0.25,0.75,0.0,59,Sun Jun 03 21:07:17 +0000 2018,@GeorgeTakei LA FLOOD 1927 @krvsmedia  BET DELIBERATE ACT DOMESTIC TERRORISM RE BRITISH SAUDI ORCHESTRATED STOCK MA‚Ä¶ https://t.co/n7RApninY1,@NewYorkTimes
-0.34,0.156,0.844,0.0,60,Sun Jun 03 14:19:36 +0000 2018,"Trump‚Äôs Lawyers, in Confidential Memo, Argue to Head Off a Historic Subpoena https://t.co/wmalVHm99C @newyorktimes‚Ä¶ https://t.co/rSpcfFAC0f",@NewYorkTimes
0.0,0.0,1.0,0.0,61,Sun Jun 03 13:08:36 +0000 2018,RT @EubieBee: An article published by the @newyorktimes describes how Mt. Vernon (UB's home neighborhood in midtown Baltimore) has been rev‚Ä¶,@NewYorkTimes
0.3182,0.0,0.874,0.126,62,Sun Jun 03 13:08:14 +0000 2018,"Big #budget or small, cool city to explore. A $1,000 Day in #Berlin for $100 https://t.co/Mtj573z7SC #budgettravel‚Ä¶ https://t.co/V2IVhWP3IF",@NewYorkTimes
0.4404,0.0,0.791,0.209,63,Sun Jun 03 09:33:01 +0000 2018,Op-Ed Columnist: Obama ‚Äì Just Too Good for Us https://t.co/7HmRpL9vGR | via @NewYorkTimes https://t.co/751yQsmDR5,@NewYorkTimes
0.8849,0.0,0.647,0.353,64,Sun Jun 03 02:22:00 +0000 2018,"RT @ShirlsAdams: @DearAuntCrabby YES, that article is from a blog source but this is confirmed by .@NewYorkTimes too!  Good luck to the NYA‚Ä¶",@NewYorkTimes
0.0,0.0,1.0,0.0,65,Sat Jun 02 22:12:50 +0000 2018,@newyorktimes.com https://t.co/tuXlamZuIf,@NewYorkTimes
-0.5106,0.202,0.798,0.0,66,Sat Jun 02 21:40:02 +0000 2018,@sunshine2cats @JamesKosur @foxandfriends @realDonaldTrump Plus they are quoting the failing @NewYorkTimes - make u‚Ä¶ https://t.co/cAhqAI8AWa,@NewYorkTimes
-0.5267,0.314,0.539,0.147,67,Sat Jun 02 21:32:03 +0000 2018,A Woman Dedicated to Saving Lives Loses Hers in Gaza Violence https://t.co/I97isYrCtw | via @NewYorkTimes https://t.co/9UOHI3CPWR,@NewYorkTimes
0.5106,0.0,0.837,0.163,68,Sat Jun 02 21:31:41 +0000 2018,Should we trust Wikipedia? @fuzheado says ‚ÄúMaybe‚Äù.  But journalists always need to doublecheck sources &amp; bring a sk‚Ä¶ https://t.co/YrPFk8AqQu,@NewYorkTimes
0.0,0.0,1.0,0.0,69,Sat Jun 02 16:46:19 +0000 2018,It's a close call but Pruitt would seem to be the most corrupt pit viper in the current Administration swap. Anothe‚Ä¶ https://t.co/FIxe9BwE8S,@NewYorkTimes
0.0,0.0,1.0,0.0,70,Sat Jun 02 15:42:55 +0000 2018,@Manekagandhibjp @PMOIndia @LawComIndia @BBCWorld @TheEconomist @nytimesworld @UKTimes1 @hrw @amnestyusa‚Ä¶ https://t.co/4ED5XNNFRW,@NewYorkTimes
0.0,0.0,1.0,0.0,71,Sat Jun 02 09:30:03 +0000 2018,"A Year After Trump‚Äôs Paris Pullout, U.S. Companies Are Driving a Renewables Boom https://t.co/z7IOSNHJK1 | via‚Ä¶ https://t.co/MT4aG0Ln4c",@NewYorkTimes
0.0,0.0,1.0,0.0,72,Sat Jun 02 01:30:24 +0000 2018,"@ABC, @CBS, @CNN, @FOXTV, @MSNBC, @NBC, @NEWYORKTIMES,
  @PBS, @USATODAY, @WASHINGTONPOST THIS IS WHAT THE U.S. IS‚Ä¶ https://t.co/6KCAujIHos",@NewYorkTimes
-0.6027,0.256,0.635,0.109,73,Sat Jun 02 01:27:44 +0000 2018,SHARE WIDELY/FREQUENTLY:  U.S. IS FUNDING WEAPONS TO THE SAUDIS! TELL YOUR LEGISLATORS TO STOP THIS &amp; GET BLOOD OFF‚Ä¶ https://t.co/GMLRwjfrCS,@NewYorkTimes
0.0,0.0,1.0,0.0,74,Fri Jun 01 21:28:04 +0000 2018,New Milestones in Jobs Report Signal a Bustling Economy https://t.co/dWCpCwilyO | via @NewYorkTimes https://t.co/fyHflgCZZy,@NewYorkTimes
0.0,0.0,1.0,0.0,75,Fri Jun 01 20:17:40 +0000 2018,"30 years since this June 1988 @NewYorkTimes piece featuring James Hansen, Michael Oppenheimer, and other climate sc‚Ä¶ https://t.co/uOwqYucQT0",@NewYorkTimes
0.0,0.0,1.0,0.0,76,Fri Jun 01 17:12:30 +0000 2018,@NewYorkTimes GHS #Trump Breaks Protocol With Jobs Report Tweet Before Data Is Released https://t.co/opd4YRmI5o IF‚Ä¶ https://t.co/Ua7rVhISQY,@NewYorkTimes
-0.3885,0.126,0.818,0.056,77,Fri Jun 01 16:29:44 +0000 2018,"RT @scapelliti: To @meslackman &amp; @rcallimachi:

The @newyorktimes is not a branch of the US government.

It had NO authority to translate,‚Ä¶",@NewYorkTimes
-0.6124,0.19,0.81,0.0,78,Fri Jun 01 15:10:52 +0000 2018,"@newyorktimes New york times ""radical racist authoritarian ideology¬†"" tell us how you really feel. This isnt report‚Ä¶ https://t.co/H9FEEwtaT1",@NewYorkTimes
0.0258,0.101,0.791,0.108,79,Fri Jun 01 14:49:09 +0000 2018,@NewYorkTimes reports @Starbucks‚Äô racial bias training left employees feeling ‚Äúuncomfortable‚Äù and ‚Äúenlightened.‚Äù‚Ä¶ https://t.co/IeuABQmXIq,@NewYorkTimes
-0.8402,0.317,0.633,0.05,80,Fri Jun 01 13:54:25 +0000 2018,"RT @GPN14: If President Trump is a racist white supremacist, why is unemployment for black Americans at the lowest level in history. That d‚Ä¶",@NewYorkTimes
0.0,0.0,1.0,0.0,81,Fri Jun 01 12:11:07 +0000 2018,"#RoccoCasalino
scrivi sul cv che hai fatto gavetta al @NewYorkTimes ü§£ (a cosa siamo ridotti...)",@NewYorkTimes
-0.4824,0.142,0.858,0.0,82,Fri Jun 01 11:01:10 +0000 2018,@RealJack The @NewYorkTimes actually went to the nearest Indian Casino looking for the FIRE CHIEF to get a crowd co‚Ä¶ https://t.co/ygZdGAfMDM,@NewYorkTimes
0.6369,0.0,0.741,0.259,83,Fri Jun 01 09:25:05 +0000 2018,N.B.A. Finals: Warriors Survive Superman‚Äôs Best Punch in Game 1 https://t.co/YTW7ROq3Jk | via @NewYorkTimes https://t.co/3WAT5Mz0jb,@NewYorkTimes
0.7087,0.0,0.781,0.219,84,Fri Jun 01 01:28:28 +0000 2018,"RT @HBProudIndian: Madam, @Manekagandhibjp please again close your eyes as till now also you have not seen male suicide. Opening ur eyes wi‚Ä¶",@NewYorkTimes
0.6249,0.0,0.773,0.227,85,Fri Jun 01 00:51:57 +0000 2018,Great article on dry German Rieslings by @EricAsimov  in the @newyorktimes.  #wine #riesling #germanwine https://t.co/42mJpdgM8C,@NewYorkTimes
0.0,0.0,1.0,0.0,86,Fri Jun 01 00:43:42 +0000 2018,"RT @WilliamDNewton: üá∫üá∏ and again the üá∫üá∏@NewYorkTimes lie about our Presidents #r of people at last nights rally..
They printed a 1,000 when‚Ä¶",@NewYorkTimes
-0.4912,0.347,0.653,0.0,87,Fri Jun 01 00:43:39 +0000 2018,@WilliamDNewton @newyorktimes I saw where they lied!! Asses,@NewYorkTimes
0.0,0.0,1.0,0.0,88,Fri Jun 01 00:24:45 +0000 2018,"@ABC, @CBS, @CNN,  @FOXTV, @MSNBC, @NBC, @NEWYORKTIMES, @PBS, @USATODAY, @WASHINGTONPOST - U.S. IS FUNDING WEAPONS‚Ä¶ https://t.co/e4B3pjTzFa",@NewYorkTimes
-0.6027,0.256,0.635,0.109,89,Fri Jun 01 00:23:27 +0000 2018,SHARE WIDELY/FREQUENTLY:  U.S. IS FUNDING WEAPONS TO THE SAUDIS! TELL YOUR LEGISLATORS TO STOP THIS &amp; GET BLOOD OFF‚Ä¶ https://t.co/XMe3iXo6Fk,@NewYorkTimes
0.0,0.0,1.0,0.0,90,Thu May 31 23:00:53 +0000 2018,RT @Couchsurfing: Oh the places you'll go! Check out this travel starter kit with 52 places to go this year at @NewYorkTimes: https://t.co/‚Ä¶,@NewYorkTimes
-0.5423,0.257,0.743,0.0,91,Thu May 31 21:21:53 +0000 2018,"White House to Impose Metal Tariffs on Key U.S. Allies, Risking Retaliation https://t.co/3YstMDtpBx | via‚Ä¶ https://t.co/TK9jJfp6rl",@NewYorkTimes
0.8442,0.0,0.664,0.336,92,Thu May 31 17:56:59 +0000 2018,Congratulations to the @LastWeekTonight team for 10 weeks on the @newyorktimes best sellers list. Still going stron‚Ä¶ https://t.co/jBtsUvB9A0,@NewYorkTimes
0.0,0.0,1.0,0.0,93,Thu May 31 13:04:42 +0000 2018,@narendramodi @rsprasad @UNinIndia @HRC @amnestyusa @TheEconomist @slatenews @newyorktimes @UKTimes1‚Ä¶ https://t.co/bF74QFVfJg,@NewYorkTimes
0.7087,0.0,0.781,0.219,94,Thu May 31 09:24:32 +0000 2018,"RT @HBProudIndian: Madam, @Manekagandhibjp please again close your eyes as till now also you have not seen male suicide. Opening ur eyes wi‚Ä¶",@NewYorkTimes
-0.8338,0.376,0.624,0.0,95,Thu May 31 09:20:17 +0000 2018,"Trump Responds to Fury Over ‚ÄòRoseanne,‚Äô but Not Her Racist Remarks https://t.co/Imlh1QBGzx | via @NewYorkTimes https://t.co/1A3BJ79jb2",@NewYorkTimes
-0.5267,0.185,0.815,0.0,96,Thu May 31 03:26:57 +0000 2018,"Oh, I  think the @newyorktimes gets you. They figured you were a lying  con man years ago.#TrumpLiesMatter https://t.co/l2hglw1xwj",@NewYorkTimes
